1,0,0,0,0
1,70,109,23,20
2,71,108,23,20
3,73,110,23,22
4,73,107,23,22
5,74,107,26,22
6,77,112,21,21
7,77,112,21,21
8,78,116,21,21
9,78,116,21,21
10,81,118,18,24
11,81,118,18,24
12,82,121,18,24
13,82,121,18,24
14,84,121,18,24
15,84,121,21,24
16,84,121,21,24
17,86,121,21,24
18,83,121,23,27
19,84,123,22,24
20,86,123,19,24
21,86,123,19,24
22,86,123,19,24
23,86,123,19,24
24,86,123,19,24
25,86,123,19,24
26,86,123,19,24
27,85,117,21,25
28,85,121,22,22
29,84,118,21,24
30,88,122,19,24
31,88,122,19,24
32,88,122,19,24
33,88,122,19,24
34,88,122,19,24
35,88,122,19,24
36,88,126,19,24
37,90,122,19,24
38,90,122,19,24
39,90,126,19,24
40,90,126,19,24
41,90,126,19,24
42,90,126,19,24
43,88,126,19,24
44,89,126,21,24
45,90,126,21,24
46,92,126,22,24
47,93,126,27,24
48,93,131,27,18
49,93,131,27,18
50,93,131,27,18
51,93,131,27,18
52,93,131,27,18
53,97,134,27,18
54,97,134,27,18
55,94,132,27,18
56,85,125,27,18
2,0,0,0,0
1,24,5,26,21
2,10,0,24,20
3,12,-1,14,8
3,0,0,0,0
1,65,52,17,16
2,61,60,17,16
3,50,70,16,17
4,40,65,16,17
5,40,65,16,17
6,32,68,16,17
7,25,74,16,17
8,20,75,16,17
9,13,75,16,17
10,6,81,16,17
11,0,81,16,17
4,0,0,0,0
1,24,87,26,22
2,26,87,21,24
3,24,84,21,24
4,24,88,21,24
5,27,93,18,24
6,27,93,18,24
7,27,93,18,24
8,23,97,18,24
9,23,97,18,24
10,25,101,18,24
11,25,101,18,24
12,23,105,18,24
13,23,105,18,24
14,22,109,18,24
15,22,109,18,24
16,14,117,20,22
17,18,118,20,22
18,18,121,16,22
19,18,121,16,22
20,18,124,16,22
21,20,127,16,22
22,20,127,16,22
23,21,127,23,22
24,26,130,23,22
25,26,136,23,22
26,30,139,23,22
27,28,137,23,22
28,30,137,20,22
29,29,136,20,22
30,35,142,20,22
31,35,142,20,22
32,36,145,20,22
33,38,144,20,22
34,38,144,20,22
35,40,147,20,22
36,44,150,20,22
37,45,154,20,22
38,45,154,20,22
39,45,154,20,22
40,47,159,20,22
41,47,159,20,22
42,49,157,20,22
43,49,160,17,22
44,49,160,20,22
45,56,160,18,22
46,56,160,18,22
47,55,158,18,22
48,55,158,18,22
49,55,158,18,22
50,52,161,18,22
51,52,161,18,22
52,52,161,18,22
53,55,163,18,22
54,57,165,18,22
55,54,164,24,19
56,58,167,24,18
5,0,0,0,0
1,40,96,21,22
2,38,112,21,22
3,33,115,21,22
4,21,117,21,22
5,13,119,21,22
6,2,119,21,22
7,-5,119,21,22
6,0,0,0,0
1,163,73,21,20
2,158,83,19,19
3,146,84,19,19
4,142,89,19,18
5,127,93,19,18
6,115,94,19,18
7,101,98,19,18
8,88,103,19,18
9,81,96,19,18
10,67,100,19,18
11,57,106,19,18
12,49,112,19,18
13,44,119,19,18
14,40,120,19,18
15,40,117,19,18
16,36,123,17,17
17,39,125,17,17
18,35,119,17,17
19,35,113,17,17
20,35,109,17,17
21,28,112,17,17
22,26,112,17,17
23,27,110,17,17
24,16,109,17,17
25,16,115,17,17
26,10,120,17,17
27,13,113,19,20
28,7,114,19,20
29,19,110,19,20
30,19,115,25,16
31,0,109,25,14
7,0,0,0,0
21,20,0,35,23
22,33,12,26,21
23,39,20,26,21
24,48,30,26,21
25,56,35,26,21
26,65,43,26,21
27,70,63,26,21
28,76,76,26,21
29,79,84,26,21
30,90,98,26,21
31,90,98,26,21
32,117,95,30,26
33,130,94,30,26
34,148,102,30,26
35,162,91,30,26
36,178,87,30,26
37,187,71,30,31
38,183,64,37,23
39,193,58,33,19
40,179,63,33,19
41,167,63,25,24
42,153,65,29,17
43,136,62,29,17
44,119,55,20,19
45,109,54,20,19
46,101,44,20,19
47,97,37,22,20
48,106,34,22,20
49,112,17,20,27
50,116,17,20,20
51,114,20,20,20
52,111,25,20,20
53,104,27,20,20
54,98,20,20,20
55,96,19,20,20
56,92,19,19,20
8,0,0,0,0
14,0,31,28,27
15,0,31,28,27
16,18,47,28,22
17,21,53,28,22
18,32,65,21,25
19,29,68,21,25
20,26,70,21,25
21,25,61,21,25
22,24,56,23,19
23,24,56,32,13
24,42,54,31,15
25,42,54,31,15
26,42,54,31,15
27,36,43,20,25
28,28,28,20,25
29,29,16,20,25
30,20,7,33,25
31,15,9,35,17
32,2,8,35,21
33,0,17,23,18
34,0,17,14,21
35,0,39,14,21
36,0,34,8,28
37,0,57,22,27
38,8,63,24,29
39,13,78,19,29
40,15,83,19,28
41,15,98,19,28
42,13,107,19,28
43,3,111,27,23
44,3,111,18,29
45,3,128,18,27
9,0,0,0,0
42,1,64,20,28
43,6,67,20,28
44,8,71,20,28
45,19,78,20,23
46,19,80,26,20
47,21,87,26,20
48,27,87,26,20
49,33,87,21,23
50,33,87,21,23
51,39,94,21,23
52,45,93,23,23
53,47,91,23,23
54,52,85,23,23
55,60,82,17,19
56,60,77,19,23
10,0,0,0,0
1,118,8,21,21
2,119,6,19,22
3,114,6,19,22
4,114,6,19,22
5,112,4,20,22
6,110,0,20,22
7,110,1,17,19
8,102,1,22,19
9,102,1,22,19
10,100,0,22,19
11,95,0,22,16
12,98,0,18,14
13,98,0,18,9
11,0,0,0,0
1,65,156,23,20
2,63,155,23,20
3,63,151,23,20
4,58,151,23,20
5,55,151,23,20
6,54,148,23,20
7,48,150,23,20
8,47,150,23,19
9,47,150,23,19
10,39,152,23,19
11,34,150,27,19
12,28,152,27,19
13,28,152,27,17
14,28,152,27,17
15,25,150,27,17
16,29,144,21,21
17,28,143,21,21
18,28,143,21,21
19,24,143,21,21
20,22,144,21,21
21,20,147,21,21
22,17,149,21,21
23,15,149,21,21
24,10,152,21,21
25,10,152,21,21
26,7,155,21,21
27,6,159,21,21
28,3,162,21,21
29,5,168,21,21
30,3,165,21,21
31,-1,167,21,21
32,-1,167,17,21
33,-1,167,14,21
34,-1,167,8,18
12,0,0,0,0
1,185,55,25,19
2,181,55,25,19
3,174,52,29,19
4,172,50,24,19
5,166,54,24,19
6,167,52,24,19
7,160,48,24,19
8,161,45,21,20
9,157,45,24,20
10,153,46,24,20
11,149,46,24,20
12,148,42,24,20
13,148,42,24,20
14,142,46,24,20
15,141,40,24,20
16,135,42,24,20
17,132,42,24,20
18,128,42,24,20
19,126,37,24,20
20,125,33,24,20
21,122,28,24,20
22,124,22,21,23
23,120,20,21,23
24,117,15,21,23
25,115,13,21,23
26,107,18,28,17
27,107,18,21,21
28,104,16,21,21
29,103,22,21,21
30,100,23,21,21
31,98,28,21,24
32,93,30,21,24
33,90,32,21,24
34,88,36,21,24
35,85,38,21,24
36,81,38,21,24
37,81,42,21,24
38,82,42,19,23
39,81,45,19,23
40,81,45,17,28
41,79,47,17,28
42,82,55,18,22
43,84,58,18,22
44,84,62,18,28
45,85,66,18,28
46,84,71,18,28
47,84,71,18,28
48,79,77,22,21
49,76,81,22,21
50,69,87,28,14
51,69,87,25,23
52,72,87,21,23
53,72,87,21,18
54,69,87,19,25
55,69,89,20,22
56,66,94,20,22
13,0,0,0,0
1,90,166,30,27
2,90,166,30,27
3,90,166,30,27
4,90,166,30,27
5,90,166,30,27
6,90,166,30,27
7,90,166,30,27
8,90,166,30,27
9,90,166,24,25
10,90,166,24,25
11,90,166,24,25
12,90,166,24,25
13,90,166,24,25
14,90,166,24,25
15,90,166,24,25
16,90,166,24,25
17,90,166,24,25
18,90,166,24,25
19,90,166,24,25
20,90,166,24,25
21,90,166,24,25
22,90,166,24,25
23,90,166,24,25
24,90,166,24,25
25,90,166,24,25
26,90,166,24,25
27,90,166,24,25
28,90,166,24,25
29,90,166,24,25
30,90,166,24,25
31,90,166,24,25
32,90,166,24,25
33,90,166,24,25
34,90,166,24,25
35,90,166,24,25
36,90,166,24,25
37,90,166,24,25
38,90,166,24,25
39,90,166,24,21
40,90,166,24,21
41,90,166,24,21
42,90,166,24,21
43,90,166,24,21
44,90,166,24,21
45,90,166,24,21
46,90,166,24,21
47,90,166,24,21
48,90,166,24,21
49,90,166,24,21
50,90,166,24,21
51,90,166,24,21
52,90,166,24,21
53,90,166,24,21
54,90,166,24,21
55,90,166,24,21
56,90,166,24,21
14,0,0,0,0
1,215,4,30,25
2,215,4,30,25
3,212,12,28,21
4,212,12,28,21
5,208,11,28,21
6,204,13,28,21
7,201,10,28,21
8,200,15,28,21
9,200,15,28,21
10,191,18,28,21
11,195,25,28,21
12,193,28,28,21
13,193,28,28,21
14,190,31,28,21
15,186,34,28,21
16,191,36,23,23
17,186,36,23,23
18,188,39,23,23
19,184,39,23,23
20,184,45,23,23
21,182,45,23,25
22,179,43,23,25
23,167,39,29,21
24,167,39,29,21
25,167,39,29,21
26,167,39,29,21
27,160,39,32,18
28,160,39,32,18
29,160,39,27,23
30,160,43,27,18
31,160,43,27,21
32,152,46,27,21
33,148,45,30,21
34,153,48,23,21
35,148,46,27,18
36,145,49,27,20
37,145,45,27,20
38,142,50,27,20
39,142,50,22,20
40,139,46,22,20
41,138,45,22,20
42,138,46,22,22
43,137,45,22,22
44,132,45,26,22
45,131,41,26,22
46,129,41,26,22
47,132,34,22,24
48,132,34,22,24
49,131,30,22,24
50,128,30,22,24
51,135,26,17,27
52,134,23,17,27
53,127,23,20,25
54,128,24,20,25
55,134,16,15,29
56,133,13,17,29
15,0,0,0,0
1,51,192,24,23
2,51,192,24,23
3,51,192,24,23
4,51,192,24,23
5,51,192,24,23
6,51,192,24,23
7,51,192,24,23
8,51,192,24,23
9,51,192,24,23
10,51,192,24,23
11,51,192,24,23
12,51,192,24,23
13,51,192,24,23
14,51,192,24,23
15,51,192,24,23
16,51,192,24,23
17,51,192,24,23
18,51,192,24,23
19,51,192,24,23
20,51,192,24,23
21,51,192,24,23
22,51,192,24,23
23,51,192,24,23
24,51,192,24,23
25,51,192,24,23
26,51,192,24,23
27,51,192,24,23
28,51,192,24,23
29,51,192,24,23
30,51,192,24,23
31,51,192,24,23
32,51,192,24,23
33,51,192,24,23
34,51,192,24,23
35,51,192,24,23
36,51,192,24,23
37,51,192,24,23
38,51,192,24,23
39,51,192,24,23
40,51,192,24,23
41,51,192,24,23
42,51,192,24,23
43,51,192,24,23
44,51,192,24,23
45,51,192,24,23
46,51,192,24,23
47,51,192,24,23
48,51,192,24,23
49,51,192,22,23
50,51,192,22,23
51,51,192,22,23
52,51,192,22,23
53,51,192,22,23
54,51,192,22,23
55,51,192,22,23
56,51,188,22,24
16,0,0,0,0
5,381,0,24,9
6,370,1,21,8
7,375,1,15,16
8,365,9,17,18
9,357,11,17,18
10,344,13,20,18
11,343,19,20,18
12,338,22,20,18
13,313,31,20,18
14,313,31,20,18
15,305,36,20,18
16,293,44,20,18
17,284,46,20,18
18,280,51,20,18
19,269,62,20,18
20,253,65,20,18
21,242,65,20,18
22,230,69,20,18
23,220,71,20,18
24,215,66,20,18
25,211,63,20,18
26,198,59,20,18
27,191,60,20,18
28,180,60,20,18
29,173,65,20,18
30,161,65,20,17
31,160,71,20,17
32,146,74,20,17
33,141,79,20,17
34,135,81,20,17
35,125,85,20,17
36,113,88,20,17
37,104,89,20,17
38,92,93,20,17
39,85,102,20,17
40,80,102,20,17
41,64,105,20,18
42,58,105,20,18
43,49,106,20,18
44,39,106,20,18
45,34,107,20,18
46,24,109,20,18
47,17,109,20,18
48,8,107,20,18
49,2,107,20,18
50,-2,111,11,18
51,-2,111,8,20
52,-2,124,8,19
17,0,0,0,0
1,202,107,24,23
2,196,111,24,23
3,182,112,24,23
4,167,122,22,15
5,157,124,22,15
6,146,129,22,17
7,145,138,22,17
8,133,144,22,17
9,125,144,19,22
10,111,150,19,22
11,104,154,19,22
12,98,155,19,16
13,88,152,19,19
14,75,158,19,23
15,75,158,19,23
16,75,158,19,23
17,72,158,19,23
18,68,158,19,23
19,60,162,19,23
20,46,166,19,21
21,29,167,19,21
22,18,171,19,21
23,7,171,19,21
24,-2,173,19,21
18,0,0,0,0
1,187,72,22,23
2,182,71,22,23
3,180,69,22,23
4,180,69,22,23
5,180,66,22,23
6,183,57,22,26
7,182,57,22,23
8,185,54,22,23
9,188,49,22,23
10,192,47,22,23
11,194,46,22,23
12,196,46,22,23
13,202,46,26,20
14,208,38,19,23
15,214,40,19,22
16,214,41,24,21
17,214,33,21,24
18,218,34,21,24
19,223,31,21,24
20,225,31,21,24
21,226,32,26,18
22,229,29,26,18
23,234,29,20,18
24,237,27,24,19
25,240,27,29,21
26,247,27,23,21
27,247,30,31,17
28,253,30,29,17
29,260,30,21,24
30,261,30,24,24
31,266,30,18,24
32,270,31,18,24
33,273,23,20,24
34,275,24,20,24
35,275,24,20,24
36,282,18,17,26
37,282,18,20,25
38,285,14,20,25
39,288,12,20,25
40,288,2,20,25
41,289,6,20,25
42,291,3,20,25
43,296,1,24,22
44,300,1,29,20
45,300,2,33,19
46,311,4,20,24
47,311,3,29,17
48,316,3,23,17
49,316,3,23,17
50,318,3,23,17
51,324,3,27,17
52,324,1,30,17
53,329,1,28,18
54,335,3,28,18
55,339,4,27,20
56,342,4,23,20
19,0,0,0,0
54,36,0,20,18
55,24,4,20,18
56,15,4,20,18
20,0,0,0,0
27,272,0,21,16
28,270,1,17,16
29,263,3,17,16
30,260,3,17,16
31,260,4,19,16
32,258,5,19,16
33,254,12,19,16
34,257,9,19,16
35,251,9,19,16
36,243,9,19,16
37,240,13,19,16
38,233,15,19,16
39,228,24,19,16
40,219,24,19,17
41,217,22,19,17
42,214,24,19,17
43,203,24,19,17
44,200,29,19,17
45,196,35,19,17
46,190,40,19,17
47,179,41,19,17
48,170,43,19,17
49,161,46,19,17
50,154,46,19,17
51,146,52,19,17
52,140,52,19,17
53,135,56,19,17
54,126,56,19,17
55,116,56,19,17
56,105,60,17,17
21,0,0,0,0
1,213,34,22,24
2,203,22,22,23
3,195,0,22,23
4,187,0,26,16
5,170,-1,24,13
22,0,0,0,0
1,9,261,25,25
2,9,261,25,25
3,9,261,25,25
4,9,261,25,25
5,9,261,25,25
6,9,261,25,25
7,11,261,25,25
8,10,258,25,25
9,10,256,21,24
10,10,256,21,24
11,15,266,21,24
12,17,271,21,24
13,20,275,21,24
14,20,275,26,24
15,20,275,22,24
16,19,273,22,24
17,18,270,22,24
18,15,268,22,24
19,13,266,22,24
20,16,268,22,24
21,19,275,22,24
22,19,275,22,24
23,19,275,23,22
24,19,275,23,22
25,19,275,23,22
26,17,269,24,25
27,14,265,22,25
28,11,264,22,25
29,7,259,22,25
30,6,256,22,25
31,6,256,22,25
32,6,256,22,25
33,6,256,22,25
34,6,256,22,25
35,8,256,20,25
36,12,264,20,25
37,12,264,20,25
38,12,264,20,25
39,12,264,20,25
40,12,264,20,25
41,12,264,20,25
42,12,264,20,25
43,18,274,28,18
44,24,274,23,23
45,27,276,29,17
46,27,276,29,17
47,34,275,29,17
48,34,272,29,19
49,36,276,29,19
50,36,276,29,19
51,36,276,29,19
52,39,273,29,19
53,39,273,29,19
54,39,273,29,19
55,39,273,29,19
56,39,273,23,26
23,0,0,0,0
21,1,241,15,19
22,1,234,19,21
23,2,230,19,21
24,5,230,21,18
25,11,228,21,18
26,13,226,21,18
27,18,225,21,18
28,21,217,17,25
29,22,212,17,23
30,26,216,20,19
31,29,216,24,19
32,34,215,21,18
33,40,215,21,21
34,43,210,18,24
35,42,204,18,24
36,38,204,20,19
37,38,204,20,18
38,37,196,20,18
39,37,191,20,21
40,37,180,20,21
41,40,176,20,21
42,40,176,20,21
43,40,176,20,17
44,39,172,20,17
45,37,164,21,19
46,37,164,21,19
47,33,158,21,19
48,33,158,21,19
49,31,158,21,19
50,30,157,21,19
51,24,155,21,19
52,21,155,21,19
53,13,155,21,19
54,11,150,21,19
55,7,148,21,19
56,6,145,21,19
24,0,0,0,0
1,341,8,19,23
2,341,8,22,21
3,339,4,22,21
4,339,3,22,21
5,339,0,22,21
6,339,0,24,18
7,339,0,26,16
8,343,0,25,12
9,350,0,17,12
10,350,0,17,12
11,350,0,17,12
25,0,0,0,0
1,349,40,23,21
2,349,40,23,21
3,349,40,22,21
4,343,40,22,21
5,343,40,22,21
6,343,40,22,21
7,339,40,25,21
8,339,40,25,21
9,339,40,25,21
10,339,40,25,21
11,339,40,25,21
12,339,40,25,21
13,339,40,25,21
14,339,40,25,21
15,334,38,25,21
16,332,36,25,21
17,332,36,25,21
18,332,36,25,21
19,332,36,25,21
20,329,35,25,21
21,329,35,25,21
22,327,33,25,21
23,327,33,25,21
24,327,33,25,21
25,327,33,25,21
26,327,33,25,21
27,327,31,22,21
28,327,31,22,21
29,326,29,22,21
30,324,26,22,21
31,326,26,22,21
32,326,23,22,23
33,328,23,20,23
34,328,23,20,23
35,328,21,20,23
36,328,21,20,25
37,328,21,20,25
38,328,21,20,25
39,328,19,20,25
40,328,19,20,25
41,327,19,20,25
42,327,19,20,25
43,327,19,20,25
44,326,19,20,22
45,326,19,20,22
46,326,19,20,22
47,326,19,20,19
48,326,19,20,18
49,326,18,20,19
50,326,18,20,19
51,326,18,20,19
52,326,18,20,19
53,319,15,26,21
54,317,12,26,21
55,317,16,26,19
56,317,16,26,19
26,0,0,0,0
22,229,0,28,19
23,234,0,25,19
24,240,0,25,17
25,240,2,25,18
26,244,3,25,18
27,247,6,25,18
28,244,10,25,18
29,239,13,25,18
30,243,13,23,22
31,243,13,23,22
32,240,16,23,22
33,240,20,23,22
34,240,20,23,22
35,241,27,23,22
36,248,27,23,22
37,253,27,23,22
38,258,28,23,22
39,258,25,23,22
40,259,30,23,22
41,265,34,22,22
42,265,34,22,22
43,270,28,22,22
44,274,32,22,22
45,276,23,24,22
46,276,23,24,22
47,279,18,21,25
48,282,16,21,25
49,285,16,21,25
50,283,16,21,25
51,283,13,21,25
52,287,9,20,25
53,287,7,20,25
54,287,7,20,25
55,288,0,20,25
56,292,0,20,25
27,0,0,0,0
29,232,1,29,11
30,232,1,29,11
31,232,1,29,11
32,232,1,25,11
33,232,1,25,17
34,224,6,25,17
35,219,7,25,18
36,215,5,25,18
37,215,5,20,22
38,205,11,24,17
39,205,11,24,17
40,201,11,27,17
41,197,11,30,13
42,194,0,24,20
43,192,4,24,20
44,188,10,19,19
45,181,12,24,20
46,181,12,24,20
47,181,12,24,20
48,185,19,19,23
49,180,13,22,24
50,180,22,22,24
51,175,15,22,24
52,175,15,22,24
53,172,18,22,24
54,172,18,22,24
55,172,18,22,24
56,168,25,22,24
28,0,0,0,0
44,164,4,21,16
45,150,15,21,16
46,136,22,21,16
47,131,15,21,16
48,131,15,21,16
49,127,13,21,16
50,135,12,18,16
51,136,4,18,16
52,133,0,18,16
53,129,2,18,16
54,123,2,18,16
55,117,3,18,16
56,107,3,18,16
29,0,0,0,0
46,132,0,25,12
47,132,0,25,12
48,121,0,29,10
49,121,0,26,12
50,121,0,26,12
51,115,1,22,17
52,115,1,22,23
53,110,4,21,21
54,116,15,17,23
55,116,21,20,26
56,113,27,20,26
30,0,0,0,0
38,143,4,25,28
39,162,34,36,17
40,199,39,28,19
41,224,40,25,22
42,247,38,20,22
43,264,49,22,26
44,270,74,22,26
45,285,99,22,26
46,298,115,22,26
47,314,131,16,30
48,309,133,16,30
49,299,128,17,21
50,284,132,21,21
51,265,136,21,21
52,246,141,21,21
53,234,148,21,21
54,223,159,21,21
55,215,168,21,21
56,205,179,21,21
31,0,0,0,0
1,371,68,20,20
2,372,65,20,20
3,372,62,21,18
4,375,56,20,23
5,371,56,23,19
6,371,49,21,22
7,371,49,21,21
8,371,49,19,19
9,371,44,19,19
10,371,38,19,24
11,371,41,24,20
12,365,35,24,20
13,365,30,21,20
14,365,27,21,20
15,368,23,22,22
16,370,22,22,20
17,372,15,22,20
18,372,13,22,20
19,372,8,21,24
20,374,3,21,24
21,374,3,21,20
22,370,0,21,20
23,367,0,23,12
24,360,1,29,8
25,366,1,22,8
26,356,1,25,8
32,0,0,0,0
1,475,16,19,17
2,476,16,18,18
3,475,16,19,17
4,475,16,19,18
5,476,16,18,18
6,477,16,17,16
7,475,16,19,17
8,477,16,17,18
9,477,16,17,18
10,477,16,17,18
11,477,16,17,18
12,477,16,17,18
13,477,16,17,18
14,477,16,17,18
15,477,16,17,18
16,475,16,19,18
17,475,16,19,18
18,475,16,19,18
19,475,16,19,18
20,475,16,19,18
21,475,16,19,18
22,475,16,19,18
23,475,16,19,18
24,475,16,19,18
25,475,16,19,18
26,475,16,19,18
27,475,16,19,18
28,475,16,19,18
29,475,16,19,18
30,475,16,19,18
31,475,16,19,18
32,475,16,19,18
33,477,16,16,18
34,477,16,16,18
35,477,16,16,18
36,477,16,16,18
37,477,16,16,18
38,477,16,16,18
39,477,16,16,18
40,477,16,16,18
41,477,16,16,18
42,477,16,16,18
43,480,16,15,18
44,476,14,17,16
45,476,14,17,16
46,476,14,17,16
47,476,14,17,16
48,476,17,18,16
49,476,17,18,16
50,476,17,18,16
51,476,17,18,16
52,476,17,18,16
53,476,17,18,16
54,476,17,18,16
55,476,17,18,16
56,476,17,18,16
33,0,0,0,0
1,395,66,18,19
2,395,70,16,19
3,386,81,16,19
4,383,78,16,19
5,372,78,16,19
6,367,83,16,19
7,357,92,16,19
8,347,101,16,19
9,336,103,16,19
10,329,108,16,19
11,319,112,16,19
12,306,112,16,19
13,297,114,16,19
14,291,121,16,19
15,284,132,16,19
16,272,134,16,19
17,263,136,16,19
18,253,141,16,19
19,243,144,16,19
20,236,146,16,19
21,225,151,17,20
22,215,158,16,16
23,207,161,16,16
24,197,162,16,16
25,187,167,16,16
26,174,167,16,16
27,160,174,16,16
28,144,173,16,16
29,137,174,16,16
30,128,180,16,16
31,120,188,15,16
32,115,201,15,16
33,107,202,15,16
34,102,206,15,16
35,96,206,15,16
36,85,207,15,16
37,79,208,15,16
38,73,213,15,16
39,69,217,15,16
40,57,217,15,16
41,44,223,15,16
42,28,223,15,16
43,18,226,15,16
44,1,226,15,16
34,0,0,0,0
1,118,318,25,26
2,119,300,23,26
3,116,294,23,21
4,124,282,23,21
5,131,266,23,22
6,153,254,23,22
7,160,246,22,29
8,160,229,22,26
9,158,228,27,19
10,174,222,17,28
11,171,208,26,26
12,176,189,26,26
13,191,191,26,21
14,205,194,26,23
15,213,189,26,23
16,216,177,26,23
17,222,147,19,39
18,216,135,22,25
19,200,127,25,23
20,197,128,20,31
21,182,106,32,31
22,189,106,27,21
23,189,95,26,24
24,202,87,26,24
25,207,80,25,20
26,207,80,29,18
27,210,57,29,28
28,204,47,23,21
29,218,27,25,26
30,226,20,21,25
31,234,20,20,21
32,229,24,24,20
33,247,41,26,23
34,259,47,26,23
35,274,51,26,25
36,291,62,30,29
37,291,84,26,26
38,292,103,26,21
39,279,118,26,26
40,275,131,26,25
41,285,140,26,25
42,290,154,26,25
43,278,161,26,25
44,270,179,26,25
45,258,189,26,25
46,259,193,26,25
47,261,198,26,25
48,256,198,26,25
49,256,180,26,25
50,256,174,19,33
51,256,187,19,33
52,254,193,19,28
53,248,191,26,21
54,258,196,18,18
55,257,199,18,18
56,253,188,20,18
35,0,0,0,0
16,499,56,14,27
17,489,66,22,17
18,474,68,28,18
19,468,68,28,20
20,454,69,28,22
21,433,69,36,20
22,424,67,25,23
23,410,65,25,23
24,396,71,25,23
25,382,77,25,23
26,365,88,25,23
27,359,99,18,35
28,343,115,24,21
29,332,121,26,25
30,318,129,21,24
31,312,134,21,28
32,297,134,23,34
33,293,140,23,30
34,283,151,23,30
35,269,157,23,30
36,261,164,27,22
37,249,175,24,25
38,238,182,24,25
39,230,190,24,21
40,220,188,24,24
41,208,192,20,24
42,189,200,24,23
43,180,206,24,23
44,162,210,25,24
45,153,210,33,24
46,139,215,29,19
47,125,219,29,23
48,115,220,26,27
49,112,224,26,28
50,102,230,18,28
51,92,239,21,28
52,84,245,21,28
53,77,251,21,28
54,65,256,21,28
55,58,257,23,28
56,53,270,23,28
36,0,0,0,0
18,415,0,23,13
19,420,0,17,11
20,420,0,17,11
21,420,0,17,13
22,424,0,18,20
23,419,0,22,16
24,419,0,22,20
25,414,0,26,20
26,412,3,26,18
27,419,5,26,19
28,417,4,26,19
29,417,7,26,18
30,417,7,26,18
31,423,9,23,24
32,419,6,23,24
33,416,6,25,21
34,416,6,25,21
35,418,9,25,21
36,418,9,26,24
37,426,16,19,23
38,427,18,26,19
39,429,22,26,19
40,435,23,26,19
41,436,21,26,19
42,436,21,26,19
43,436,21,26,19
44,444,21,20,19
45,444,21,20,19
46,444,23,20,22
47,444,23,20,22
48,443,26,20,22
49,446,26,20,22
50,446,26,20,22
51,451,29,23,22
52,450,33,23,22
53,450,32,25,19
54,456,34,25,19
55,454,33,25,19
56,455,32,25,19
37,0,0,0,0
40,493,67,18,32
41,481,87,24,23
42,464,95,24,23
43,453,87,25,29
44,435,74,25,29
45,418,59,25,29
46,399,53,31,29
47,381,51,26,23
48,369,34,26,23
49,374,15,20,33
50,367,0,28,27
51,373,-9,18,28
52,378,-8,16,30
53,378,-4,21,29
54,376,6,21,20
55,364,6,26,19
56,357,0,23,19
38,0,0,0,0
1,411,150,27,19
2,414,150,23,19
3,414,150,23,19
4,419,150,23,19
5,422,151,23,19
6,427,152,23,19
7,424,152,25,21
8,427,152,21,21
9,430,152,21,21
10,430,155,21,21
11,430,154,21,21
12,430,154,21,21
13,434,154,21,21
14,434,156,21,21
15,437,157,21,22
16,440,158,21,22
17,440,158,21,19
18,440,158,26,16
19,440,158,26,16
20,450,156,23,19
21,453,154,23,19
22,454,154,21,19
23,461,152,21,23
24,461,152,21,23
25,463,154,16,27
26,462,160,16,27
27,462,165,18,20
28,462,165,18,20
29,462,165,18,20
30,462,165,22,20
31,462,166,24,18
32,462,166,24,18
33,468,168,24,18
34,475,170,21,23
35,479,172,21,23
36,481,173,21,23
37,481,173,18,23
38,483,179,18,23
39,483,179,18,23
40,484,179,18,23
41,484,179,18,23
42,485,184,18,23
43,485,184,18,23
44,485,187,18,23
45,485,187,18,23
46,487,187,18,23
47,486,190,18,23
48,486,190,18,23
49,486,190,21,23
50,484,193,21,23
51,487,192,21,23
52,487,192,21,23
53,487,197,21,19
54,487,197,21,19
55,487,197,21,19
56,485,197,24,20
39,0,0,0,0
1,345,141,27,24
2,349,148,22,24
3,349,148,22,24
4,353,150,22,24
5,359,152,26,21
6,360,153,26,21
7,363,158,26,21
8,366,158,26,21
9,366,158,26,21
10,375,160,26,21
11,378,159,26,21
12,383,163,26,21
13,385,163,23,20
14,392,162,23,20
15,395,157,23,20
16,402,156,26,20
17,405,157,26,20
18,408,158,24,20
19,413,158,24,20
20,416,158,28,20
21,420,158,23,20
22,424,154,23,20
23,426,154,28,20
24,426,154,28,20
25,436,150,21,22
26,441,147,15,24
27,441,147,18,24
28,445,152,18,22
29,449,152,19,25
30,449,152,19,25
31,451,153,19,22
32,453,152,23,22
33,460,157,21,22
34,460,157,21,23
35,462,163,21,23
36,463,166,21,23
37,464,164,20,24
38,466,168,23,26
39,468,172,20,24
40,468,175,20,26
41,472,178,17,32
42,472,178,17,32
43,472,180,17,32
44,472,189,17,25
45,466,192,20,25
46,464,196,21,27
47,461,203,21,22
48,461,205,21,22
49,463,211,21,22
50,463,215,19,24
51,463,217,19,23
52,463,221,19,23
53,463,221,19,23
54,463,227,18,25
55,463,230,18,27
56,458,236,21,26
40,0,0,0,0
1,479,190,22,20
2,479,185,23,22
3,477,185,23,22
4,473,187,23,23
5,475,185,23,23
6,471,186,27,22
7,467,186,27,19
8,463,186,27,19
9,459,186,27,19
10,450,189,27,19
11,450,189,27,19
12,450,187,22,19
13,446,182,24,23
14,444,180,24,23
15,444,180,24,23
16,444,180,20,23
17,440,176,20,23
18,441,176,21,20
19,442,169,19,26
20,437,169,23,21
21,437,163,25,22
22,430,166,31,18
23,426,167,31,18
24,425,167,26,21
25,421,166,26,21
26,417,165,26,21
27,413,166,26,23
28,410,161,26,23
29,407,162,27,21
30,407,162,27,21
31,403,162,27,21
32,404,160,27,21
33,409,163,27,21
34,407,163,27,21
35,403,161,27,21
36,396,158,27,21
37,393,156,27,21
38,395,156,27,21
39,391,148,29,28
40,386,154,29,19
41,388,144,22,26
42,387,142,22,26
43,379,142,27,23
44,375,142,27,23
45,370,133,28,26
46,370,136,26,22
47,365,135,26,22
48,365,135,26,22
49,365,131,22,22
50,363,130,24,22
51,362,126,24,26
52,360,119,24,26
53,356,114,24,26
54,362,111,18,26
55,358,103,16,32
56,354,103,19,32
41,0,0,0,0
1,417,197,19,18
2,414,206,18,21
3,407,211,18,21
4,398,222,18,21
5,389,220,18,21
6,384,213,18,21
7,395,218,18,21
8,395,218,18,21
9,395,218,18,21
10,395,218,21,22
11,398,219,21,22
12,398,212,21,22
13,398,212,21,22
14,400,210,20,22
15,400,210,20,22
16,400,210,20,22
17,400,210,20,22
18,405,206,18,25
19,405,201,22,29
20,405,199,26,22
21,410,198,28,23
22,416,191,25,23
23,396,199,43,29
24,389,207,32,26
25,381,214,32,26
26,374,216,29,23
27,365,221,29,23
28,348,223,29,23
29,342,224,29,23
30,331,223,29,23
31,321,229,29,23
32,317,235,23,25
33,317,248,22,26
34,311,255,25,25
35,303,257,25,25
36,299,261,25,25
37,299,265,25,25
38,299,275,25,25
39,301,280,25,25
40,311,289,25,25
41,319,290,25,25
42,330,295,25,20
43,333,295,23,24
44,340,295,19,27
45,340,295,19,27
46,342,295,19,34
47,343,311,19,32
48,336,323,27,21
49,334,326,27,21
50,334,333,27,21
51,334,333,27,25
52,335,333,23,25
53,335,341,23,25
54,331,355,23,25
55,335,357,23,30
56,337,363,23,30
42,0,0,0,0
28,494,130,18,29
29,484,138,23,26
30,477,140,23,26
31,465,140,23,26
32,462,136,23,21
33,449,136,21,21
34,443,145,21,21
35,431,151,21,21
36,427,155,21,21
37,418,155,21,21
38,417,154,21,21
39,414,154,21,21
40,415,157,21,21
41,412,155,21,21
42,412,155,21,21
43,409,153,21,21
44,404,148,21,21
45,399,149,21,21
46,398,148,21,21
47,395,148,21,21
48,393,148,21,21
49,386,144,22,21
50,384,147,22,21
51,372,155,22,21
52,363,163,26,25
53,359,166,26,25
54,349,166,23,31
55,338,168,23,31
56,329,176,23,31
43,0,0,0,0
18,491,192,21,26
19,491,192,21,23
20,491,192,21,22
21,485,192,26,21
22,481,196,26,21
23,475,196,31,21
24,475,196,31,21
25,470,190,31,21
26,464,192,31,21
27,468,184,20,26
28,461,184,24,23
29,464,184,20,23
30,462,180,21,28
31,455,180,27,24
32,446,180,35,21
33,449,174,26,24
34,443,174,31,24
35,443,167,24,25
36,440,167,24,25
37,438,165,21,25
38,442,154,16,35
39,442,154,16,35
40,440,154,18,35
41,440,148,18,35
42,434,145,23,28
43,435,143,23,28
44,438,138,23,28
45,440,135,23,28
46,441,129,22,26
47,443,129,25,26
48,443,125,25,23
49,446,126,23,23
50,449,119,19,29
51,449,119,25,20
52,442,113,25,27
53,445,107,25,27
54,439,107,25,27
55,438,107,25,25
56,435,102,23,27
44,0,0,0,0
1,292,200,25,26
2,294,200,25,26
3,294,200,25,26
4,294,200,25,26
5,294,206,25,28
6,296,206,22,28
7,296,206,22,22
8,295,203,23,22
9,295,203,23,22
10,295,203,23,22
11,295,203,23,22
12,295,203,23,22
13,295,203,23,22
14,295,203,23,22
15,295,203,23,22
16,295,203,23,22
17,295,203,23,22
18,295,203,23,22
19,295,203,23,22
20,295,203,23,22
21,295,203,23,22
22,295,203,23,22
23,295,203,23,22
24,295,203,23,22
25,294,207,23,24
26,294,207,23,24
27,294,207,23,24
28,294,207,23,24
29,294,207,23,24
30,294,207,23,24
31,294,209,23,24
32,294,209,23,24
33,294,209,23,24
34,294,209,23,24
35,294,209,23,24
36,294,209,23,24
37,294,209,23,24
38,294,212,23,24
39,294,212,23,24
40,294,212,23,24
41,295,214,20,26
42,296,216,20,30
43,296,221,20,29
44,296,223,20,26
45,296,223,20,26
46,298,229,22,26
47,299,234,22,26
48,299,236,22,26
49,299,237,22,26
50,299,243,22,26
51,302,246,22,26
52,302,246,22,26
53,302,248,22,27
54,301,253,24,25
55,299,253,24,25
56,301,258,24,25
45,0,0,0,0
1,329,211,25,25
2,331,213,20,22
3,331,213,20,22
4,331,213,20,22
5,331,213,20,22
6,329,213,24,22
7,329,213,21,22
8,329,213,21,22
9,329,213,21,22
10,329,213,21,22
11,329,213,21,22
12,329,213,21,22
13,329,213,21,22
14,329,213,21,22
15,329,213,21,22
16,329,213,21,22
17,329,213,21,22
18,329,213,21,22
19,329,213,21,22
20,329,213,21,22
21,329,213,21,22
22,329,213,21,22
23,329,213,21,22
24,329,213,21,22
25,329,213,21,22
26,329,213,21,22
27,329,213,21,22
28,329,213,21,22
29,329,213,21,22
30,329,213,21,22
31,329,213,21,22
32,327,213,21,22
33,327,213,21,22
34,325,217,21,23
35,324,215,24,26
36,323,219,24,26
37,323,219,24,26
38,323,219,21,25
39,323,219,21,25
40,323,220,21,25
41,323,220,21,25
42,323,220,21,25
43,323,220,21,25
44,316,218,25,23
45,316,218,28,24
46,313,219,28,24
47,313,219,28,24
48,310,219,28,24
49,310,219,28,24
50,305,222,28,24
51,302,220,35,24
52,297,221,39,21
53,299,221,39,21
54,299,221,39,23
55,299,221,33,23
56,299,221,33,23
46,0,0,0,0
1,248,253,30,27
2,250,258,30,27
3,254,264,30,22
4,273,269,24,25
5,273,269,24,25
6,265,267,26,25
7,265,264,26,24
8,265,256,30,27
9,279,247,30,27
10,283,240,24,25
11,277,237,25,25
12,277,232,28,27
13,271,234,28,27
14,271,239,27,21
15,276,230,22,27
16,267,218,28,30
17,267,218,28,30
18,267,218,28,27
19,261,218,28,27
20,261,211,26,33
21,259,209,24,28
22,262,199,24,33
23,262,184,24,33
24,263,179,20,36
25,259,179,24,30
26,261,172,24,30
27,265,182,24,30
28,277,177,24,30
29,278,175,31,24
30,284,174,31,24
31,282,167,31,24
32,292,167,31,24
33,300,172,25,28
34,312,167,28,24
35,322,167,28,29
36,321,172,28,29
37,320,175,34,29
38,328,185,31,26
39,327,191,31,26
40,331,191,26,32
41,322,189,26,32
42,316,189,31,32
43,313,190,31,32
44,306,197,31,32
45,302,197,31,32
46,295,204,30,28
47,283,210,30,28
48,285,216,30,28
49,291,216,20,30
50,285,204,29,28
51,274,203,29,28
52,265,204,29,28
53,254,212,29,28
54,252,212,29,28
55,249,219,29,28
56,252,217,29,28
47,0,0,0,0
1,330,255,23,23
2,334,256,24,23
3,334,256,28,23
4,332,256,28,23
5,333,256,28,20
6,332,255,28,23
7,339,253,23,23
8,339,256,27,20
9,340,260,23,22
10,344,260,31,19
11,344,256,26,25
12,344,256,27,22
13,347,256,27,26
14,347,256,27,28
15,351,261,28,22
16,351,261,30,19
17,351,258,28,24
18,346,253,28,24
19,349,248,20,28
20,349,250,26,27
21,349,250,22,25
22,349,242,21,29
23,353,246,21,24
24,351,244,21,27
25,351,244,25,27
26,351,246,25,21
27,351,246,21,21
28,351,246,26,21
29,351,240,24,22
30,351,240,24,22
31,351,240,24,22
32,346,238,24,23
33,341,238,28,23
34,337,238,28,23
35,337,238,28,23
36,337,239,28,21
37,344,239,25,21
38,344,239,25,21
39,345,232,23,27
40,340,234,27,24
41,340,234,25,24
42,340,234,25,24
43,340,231,25,26
44,340,231,25,26
45,340,231,25,26
46,340,231,25,26
47,336,228,25,26
48,337,223,22,26
49,335,227,22,26
50,335,227,22,26
51,335,227,22,26
52,331,227,22,24
53,331,223,27,27
54,331,220,27,27
55,335,215,21,31
56,335,212,21,31
48,0,0,0,0
1,292,229,23,23
2,297,233,22,25
3,299,235,22,25
4,303,230,22,25
5,306,228,22,25
6,306,230,22,21
7,311,232,29,18
8,315,231,25,21
9,320,233,25,21
10,324,233,25,19
11,330,233,25,21
12,336,238,20,24
13,336,241,20,28
14,332,246,20,26
15,336,246,20,34
16,330,251,25,24
17,331,255,21,29
18,327,257,20,32
19,331,265,20,29
20,322,271,27,25
21,322,274,25,23
22,317,278,25,23
23,317,275,25,23
24,308,273,25,22
25,308,273,25,22
26,313,266,19,28
27,308,268,20,28
28,309,264,20,28
29,303,259,23,29
30,296,249,23,29
31,295,249,21,28
32,285,250,26,25
33,291,250,19,25
34,290,241,21,25
35,294,237,21,25
36,296,234,24,25
37,294,234,23,23
38,299,227,23,25
39,299,233,27,18
40,301,233,27,18
41,313,228,16,26
42,313,233,30,25
43,315,236,30,25
44,319,240,30,25
45,325,244,30,25
46,328,250,23,30
47,332,252,23,26
48,325,256,24,29
49,329,258,24,29
50,329,263,24,24
51,324,270,24,24
52,321,275,24,24
53,320,279,24,24
54,308,283,27,26
55,310,289,24,25
56,307,295,24,25
49,0,0,0,0
1,345,288,22,24
2,351,290,22,24
3,348,288,22,24
4,341,290,22,24
5,330,282,22,24
6,320,279,22,24
7,312,283,22,24
8,314,287,22,24
9,319,289,22,24
10,322,293,22,24
11,320,291,22,24
12,320,288,22,24
13,317,288,22,24
14,321,281,22,24
15,331,286,22,24
16,327,292,22,24
17,312,293,24,21
18,316,291,28,18
19,320,291,28,19
20,322,295,28,21
21,328,295,28,21
22,333,297,28,21
23,337,295,28,21
24,337,295,28,21
25,335,297,36,17
26,341,297,30,17
27,345,298,30,17
28,345,299,30,22
29,351,299,30,19
30,351,296,30,19
31,355,295,30,19
32,358,293,30,19
33,358,293,30,19
34,358,293,30,19
35,358,293,30,19
36,362,295,30,19
37,366,293,30,19
38,366,293,30,19
39,368,291,30,19
40,372,286,29,23
41,372,286,29,23
42,379,287,29,21
43,382,289,29,21
44,382,289,29,21
45,385,291,29,21
46,385,293,29,21
47,386,294,29,21
48,392,296,23,24
49,397,297,26,22
50,397,297,22,22
51,397,297,28,22
52,397,302,27,19
53,397,302,27,19
54,402,303,27,19
55,409,303,27,19
56,409,301,30,19
50,0,0,0,0
1,176,287,26,26
2,176,287,26,26
3,177,290,26,25
4,181,292,30,21
5,182,295,22,28
6,186,294,22,24
7,186,297,22,28
8,191,297,22,24
9,191,297,22,30
10,186,297,31,25
11,186,292,31,25
12,192,292,26,25
13,192,292,26,25
14,192,294,26,22
15,192,292,26,23
16,192,292,26,26
17,194,292,27,26
18,194,292,24,26
19,194,283,23,32
20,196,283,20,26
21,196,274,20,34
22,194,276,21,27
23,196,272,21,27
24,196,272,21,27
25,196,272,21,27
26,198,272,28,24
27,199,267,23,28
28,203,265,23,28
29,200,267,23,28
30,200,265,30,23
31,205,260,21,24
32,205,260,21,24
33,209,260,21,24
34,209,252,21,28
35,208,248,20,30
36,210,248,17,26
37,210,244,18,29
38,208,244,18,37
39,209,238,18,30
40,208,234,18,30
41,208,238,18,25
42,208,230,18,32
43,212,232,25,25
44,212,232,22,25
45,207,234,26,23
46,209,229,26,27
47,211,226,30,27
48,217,226,26,24
49,217,217,22,28
50,218,217,20,28
51,220,212,20,28
52,219,212,20,28
53,217,207,20,28
54,217,204,23,28
55,212,204,28,24
56,217,199,23,24
51,0,0,0,0
1,238,295,28,21
2,230,301,29,21
3,230,301,29,19
4,230,301,27,17
5,230,301,27,20
6,229,296,23,22
7,223,296,26,21
8,227,287,19,26
9,224,290,23,21
10,221,295,23,23
11,215,290,24,22
12,215,290,24,22
13,215,290,24,22
14,215,290,24,20
15,215,290,24,20
16,215,285,21,28
17,215,285,20,26
18,213,285,22,25
19,213,285,22,25
20,212,289,22,25
21,211,293,22,25
22,210,297,21,27
23,210,297,20,25
24,206,299,23,28
25,209,302,21,26
26,211,304,18,30
27,204,306,24,26
28,204,312,23,25
29,201,312,25,20
30,203,312,22,25
31,204,312,20,28
32,196,315,27,21
33,199,315,23,23
34,199,315,23,23
35,198,318,23,26
36,195,321,23,21
37,186,317,28,21
38,186,317,28,18
39,186,318,22,25
40,182,318,25,22
41,182,312,25,25
42,184,315,22,29
43,184,324,22,22
44,184,324,22,27
45,182,324,19,29
46,185,324,19,35
47,183,331,18,31
48,185,331,19,31
49,179,335,22,31
50,185,338,19,30
51,185,338,19,30
52,190,341,19,30
53,184,341,23,30
54,184,346,24,26
55,188,352,20,26
56,188,352,20,24
52,0,0,0,0
25,492,206,17,18
26,483,214,17,16
27,476,218,17,16
28,466,224,17,16
29,457,224,17,16
30,452,226,17,16
31,439,236,17,16
32,431,237,17,16
33,421,241,17,16
34,406,244,17,16
35,396,249,17,16
36,378,253,17,16
37,361,261,17,16
38,349,265,17,16
39,340,265,17,16
40,327,263,17,16
41,320,265,17,16
42,308,273,17,16
43,301,276,17,16
44,290,278,17,16
45,277,280,16,16
46,270,280,16,16
47,259,288,16,16
48,244,295,16,16
49,226,301,16,16
50,213,300,16,16
51,202,300,16,16
52,191,295,16,16
53,183,294,16,16
54,169,297,16,16
55,153,301,16,16
56,142,309,16,16
53,0,0,0,0
1,242,336,26,20
2,246,336,24,20
3,249,336,24,20
4,250,333,26,20
5,252,333,23,20
6,253,333,26,20
7,257,329,22,21
8,258,330,27,19
9,261,330,23,19
10,265,330,18,19
11,265,331,29,17
12,265,331,25,17
13,267,326,23,21
14,269,328,23,21
15,271,326,20,22
16,271,326,20,22
17,274,330,22,24
18,274,328,24,24
19,285,332,20,22
20,288,334,21,23
21,290,339,18,23
22,290,338,22,23
23,292,339,22,25
24,292,339,22,23
25,292,339,22,23
26,292,340,25,23
27,296,344,25,20
28,296,345,23,21
29,300,345,23,22
30,300,345,23,22
31,300,345,26,21
32,301,345,24,21
33,303,345,26,21
34,305,345,26,21
35,309,341,26,23
36,311,344,26,22
37,315,342,26,22
38,315,344,23,19
39,319,345,23,21
40,319,345,25,20
41,320,345,21,24
42,321,346,25,18
43,324,346,20,24
44,327,347,21,24
45,327,347,21,24
46,330,348,24,26
47,327,348,21,26
48,331,348,24,28
49,333,351,20,23
50,333,351,27,22
51,333,354,27,21
52,340,356,23,18
53,342,359,29,18
54,350,353,25,24
55,354,353,24,24
56,358,347,21,28
54,0,0,0,0
1,277,327,20,26
2,280,325,23,26
3,280,325,23,26
4,280,325,23,26
5,283,319,25,26
6,287,314,24,27
7,289,313,25,26
8,289,315,27,20
9,295,310,27,23
10,297,307,22,25
11,297,307,24,22
12,301,306,25,20
13,301,298,22,23
14,303,302,29,20
15,307,297,24,24
16,307,297,24,24
17,305,297,17,20
18,280,288,21,25
19,265,287,21,25
20,259,287,26,22
21,255,260,23,27
22,240,240,23,21
23,216,235,23,21
24,197,249,23,21
25,177,250,27,21
26,160,236,17,27
27,149,233,18,22
28,145,222,18,22
29,132,223,22,20
30,134,229,22,20
31,131,227,22,20
32,131,227,22,20
33,135,227,22,20
34,136,219,20,27
35,144,197,20,19
36,116,189,22,19
37,102,183,21,21
38,98,183,20,24
39,90,187,22,19
40,87,208,23,21
41,73,227,23,21
42,49,235,20,21
43,31,250,20,21
44,11,237,22,23
45,2,213,22,23
55,0,0,0,0
1,365,331,26,20
2,365,334,26,22
3,357,334,31,22
4,358,340,27,25
5,353,341,27,25
6,352,341,27,25
7,345,345,27,23
8,348,345,23,26
9,348,353,23,26
10,344,354,23,25
11,341,358,23,25
12,342,358,21,28
13,346,368,20,25
14,346,374,20,25
15,349,378,23,25
16,349,378,23,25
17,349,382,27,19
18,353,383,30,21
19,359,383,23,28
20,365,381,23,28
21,371,381,18,28
22,371,375,18,31
23,369,375,18,37
24,366,369,19,30
25,370,368,18,24
26,365,368,22,20
27,359,368,27,20
28,359,362,20,22
29,359,362,20,22
30,356,354,21,27
31,349,352,26,26
32,347,349,24,25
33,342,346,24,25
34,342,339,28,26
35,342,339,25,23
36,342,334,25,25
37,336,334,30,22
38,338,331,25,23
39,338,324,24,26
40,329,325,29,22
41,327,322,27,24
42,327,315,27,24
43,320,315,27,22
44,320,310,27,26
45,311,312,27,22
46,311,309,24,24
47,305,313,24,24
48,299,315,29,19
49,299,311,28,25
50,296,320,22,25
51,287,318,30,21
52,284,323,30,21
53,288,324,30,23
54,295,326,24,26
55,297,331,22,23
56,297,331,22,28
56,0,0,0,0
1,390,320,26,22
2,394,320,21,28
3,396,322,21,29
4,396,322,21,32
5,396,327,21,32
6,396,327,24,28
7,398,331,27,25
8,399,334,25,24
9,401,336,24,24
10,406,339,24,32
11,407,339,25,32
12,412,342,23,28
13,412,350,23,28
14,409,356,25,25
15,401,359,25,25
16,394,363,25,25
17,391,367,29,23
18,392,369,24,23
19,389,369,26,26
20,383,374,26,26
21,386,373,22,25
22,385,373,23,28
23,385,373,26,27
24,380,377,26,29
25,380,378,23,28
26,371,378,30,35
27,366,386,29,25
28,364,388,29,28
29,364,388,25,24
30,362,390,26,25
31,353,393,33,20
32,355,393,30,24
33,351,395,29,21
34,346,397,29,21
35,345,396,32,20
36,345,396,29,19
37,343,394,29,23
38,340,395,29,23
39,341,391,26,23
40,342,391,23,25
41,342,391,23,24
42,339,392,23,24
43,338,394,23,24
44,339,394,21,23
45,339,394,21,23
46,339,385,19,31
47,341,376,16,31
48,341,376,25,25
49,342,374,26,26
50,343,370,25,22
51,347,367,29,23
52,347,361,29,28
53,347,361,35,24
54,360,365,30,19
55,367,365,25,19
56,367,365,25,23
57,0,0,0,0
1,370,352,20,22
2,370,358,20,21
3,370,366,20,21
4,370,364,20,21
5,370,364,20,21
6,373,364,17,17
7,373,362,17,17
8,373,362,17,17
9,373,362,17,17
10,373,362,17,17
11,374,363,17,17
12,374,358,17,21
13,377,362,17,16
14,377,362,17,16
15,382,370,17,22
16,381,367,17,19
17,375,359,19,20
18,376,363,19,20
19,376,360,19,20
20,376,360,19,20
21,374,355,19,20
22,373,360,19,20
23,372,355,21,21
24,373,357,19,18
25,378,357,19,18
26,383,361,14,15
27,377,354,19,21
28,378,362,19,21
29,375,362,19,21
30,375,359,19,21
31,375,359,19,21
32,374,363,19,21
33,376,363,17,21
34,374,368,18,22
35,372,368,19,22
36,368,350,19,22
37,378,363,19,22
38,367,363,19,22
39,368,371,19,22
40,367,362,19,22
41,367,356,19,22
42,367,356,19,22
43,367,356,19,22
44,371,355,19,23
45,363,355,26,23
46,365,360,21,20
47,369,358,21,20
48,369,358,21,20
49,375,358,21,20
50,375,358,21,20
51,375,358,21,20
52,375,358,21,20
53,375,358,21,20
54,378,352,21,20
55,382,356,21,21
56,381,353,21,21
58,0,0,0,0
1,268,373,25,22
2,268,373,25,22
3,268,373,25,21
4,271,372,25,21
5,271,370,25,21
6,271,370,25,21
7,271,370,25,21
8,270,372,21,21
9,270,373,21,23
10,272,373,21,23
11,272,373,21,23
12,272,373,21,23
13,272,373,21,20
14,275,373,21,20
15,277,370,22,20
16,277,370,22,20
17,277,370,22,20
18,275,371,22,20
19,275,371,22,20
20,273,369,22,20
21,272,368,22,20
22,271,368,22,20
23,270,368,22,20
24,270,368,22,20
25,271,368,22,20
26,271,368,22,20
27,269,366,22,20
28,271,365,19,20
29,271,365,19,20
30,273,360,19,24
31,273,360,19,24
32,273,360,19,24
33,273,360,19,24
34,273,360,19,24
35,273,360,19,24
36,273,360,19,24
37,273,360,19,24
38,273,362,19,21
39,273,362,19,21
40,273,364,19,21
41,273,364,21,23
42,276,366,21,23
43,276,366,21,23
44,276,366,21,23
45,276,366,21,23
46,279,368,21,23
47,278,368,24,20
48,281,369,24,20
49,281,369,24,19
50,281,369,24,19
51,281,369,24,19
52,281,369,24,19
53,281,369,24,19
54,281,369,24,19
55,281,369,24,19
56,277,369,24,19
59,0,0,0,0
1,443,325,21,23
2,443,324,26,21
3,447,326,24,18
4,442,323,21,20
5,445,323,26,18
6,445,325,28,16
7,449,323,28,16
8,457,323,21,19
9,458,320,24,19
10,460,316,21,23
11,462,314,20,26
12,465,313,18,24
13,469,308,18,24
14,467,308,18,24
15,467,298,18,30
16,465,300,19,26
17,465,293,19,26
18,464,289,17,29
19,464,284,17,29
20,465,285,23,22
21,465,281,19,25
22,465,276,19,25
23,468,274,21,24
24,469,265,19,30
25,470,270,18,24
26,472,267,21,24
27,472,265,18,21
28,472,258,18,27
29,474,256,18,24
30,469,254,21,22
31,471,251,21,22
32,470,248,21,22
33,464,243,22,25
34,464,240,22,22
35,464,240,22,22
36,464,238,27,19
37,470,233,22,21
38,470,233,22,21
39,472,225,22,25
40,478,228,22,21
41,481,219,22,27
42,481,223,26,18
43,486,216,23,24
44,489,215,23,22
45,489,217,23,19
46,496,215,23,19
47,496,215,23,19
60,0,0,0,0
1,308,378,17,29
2,310,375,17,22
3,310,375,17,22
4,311,366,20,27
5,307,364,18,24
6,309,357,18,27
7,309,357,22,27
8,308,354,23,23
9,310,346,18,23
10,308,338,19,25
11,306,338,20,22
12,306,333,20,22
13,306,329,20,24
14,309,322,19,26
15,311,317,19,26
16,313,313,19,26
17,315,311,23,21
18,308,308,25,21
19,307,303,25,21
20,305,297,26,24
21,299,297,31,19
22,302,293,25,22
23,300,293,25,20
24,296,290,25,20
25,292,284,25,22
26,289,281,25,22
27,291,277,20,24
28,287,272,25,26
29,289,265,19,27
30,285,269,19,23
31,280,260,20,27
32,274,261,25,25
33,270,258,26,24
34,269,256,21,24
35,265,253,21,24
36,262,253,23,21
37,262,242,20,31
38,255,251,22,24
39,250,255,22,19
40,244,257,26,21
41,242,257,26,21
42,234,256,26,21
43,224,256,28,18
44,224,256,28,18
45,222,252,21,21
46,216,247,22,24
47,216,247,22,24
48,216,247,20,21
49,216,242,22,23
50,217,241,22,23
51,217,241,21,20
52,217,236,24,22
53,217,239,19,18
54,212,234,29,21
55,216,230,24,23
56,218,225,21,25
61,0,0,0,0
1,380,366,22,25
2,384,359,22,26
3,384,354,17,30
4,384,354,17,30
5,387,354,22,25
6,386,350,23,25
7,387,349,23,25
8,387,349,28,21
9,387,349,28,21
10,388,344,26,25
11,390,344,23,25
12,392,341,24,25
13,392,341,32,22
14,397,337,32,24
15,395,343,28,21
16,395,338,31,25
17,397,336,31,25
18,397,339,30,21
19,398,339,28,21
20,401,332,25,27
21,399,334,25,27
22,401,330,25,27
23,401,330,25,27
24,401,326,22,27
25,403,326,21,27
26,400,323,21,27
27,402,320,20,28
28,400,320,20,28
29,401,327,19,26
30,401,327,19,26
31,390,338,24,27
32,387,347,22,24
33,388,338,26,29
34,385,348,24,23
35,381,352,24,23
36,384,352,24,23
37,380,354,24,19
38,382,354,20,27
39,381,357,20,27
40,381,357,20,27
41,378,357,22,28
42,380,357,19,31
43,375,357,23,33
44,377,365,19,30
45,377,369,19,25
46,375,373,19,24
47,377,374,19,24
48,377,377,19,24
49,377,381,19,24
50,377,381,19,24
51,371,384,19,26
52,364,384,26,23
53,368,384,21,23
54,366,388,22,28
55,366,388,22,26
56,364,389,22,26
62,0,0,0,0
1,319,384,18,28
2,313,389,23,26
3,317,389,17,30
4,315,397,17,30
5,307,406,23,25
6,307,411,23,25
7,307,416,23,25
8,304,422,23,23
9,304,428,23,23
10,304,435,21,25
11,305,438,21,25
12,306,445,21,25
13,302,451,21,25
14,301,459,21,25
15,308,463,21,25
16,306,467,21,25
17,301,472,21,25
18,299,476,21,25
19,301,480,21,25
20,291,485,25,22
21,295,488,22,24
22,286,494,26,21
23,285,498,23,21
24,278,497,26,20
25,278,497,21,23
26,272,500,21,23
27,262,493,29,19
28,262,493,27,22
29,253,493,29,19
30,250,490,29,19
31,253,485,24,23
32,243,487,28,20
33,240,483,24,26
34,230,485,29,22
35,231,481,23,21
36,226,481,23,21
37,220,478,24,23
38,218,477,24,20
39,211,478,24,23
40,210,475,24,23
41,202,478,24,23
42,197,481,24,23
43,195,484,24,23
44,192,485,24,23
45,189,487,24,23
46,184,486,24,23
47,179,487,24,23
48,175,483,24,23
49,175,483,24,23
50,168,485,24,23
51,163,487,24,23
52,155,490,24,23
53,155,490,24,23
54,145,491,28,21
55,145,491,27,21
56,139,485,23,22
63,0,0,0,0
1,289,376,17,18
2,291,379,17,18
3,287,383,17,18
4,281,393,17,18
5,269,399,17,17
6,260,395,17,17
7,253,396,17,17
8,240,397,17,17
9,234,402,17,17
10,229,404,17,17
11,219,404,17,17
12,216,406,17,17
13,211,416,17,17
14,206,422,17,17
15,206,418,17,17
16,203,413,17,17
17,199,411,17,17
18,201,416,17,17
19,196,420,17,17
20,182,427,17,17
21,176,429,17,17
22,168,432,17,17
23,159,433,17,17
24,143,436,17,17
25,134,444,17,17
26,121,448,17,17
27,121,461,17,17
28,118,465,17,17
29,113,469,17,17
30,109,477,17,17
31,101,480,16,17
32,92,481,16,17
33,87,481,16,17
34,80,488,19,17
35,69,486,19,17
36,57,489,19,17
37,57,489,19,17
38,47,486,19,17
39,34,494,19,17
40,27,501,19,17
64,0,0,0,0
20,498,261,17,21
21,493,265,17,21
22,484,266,15,18
23,485,259,15,18
24,483,253,15,18
25,471,248,15,18
26,467,249,15,18
27,457,247,15,18
28,448,250,15,18
29,443,250,15,18
30,431,250,15,18
31,429,254,15,18
32,423,260,15,18
33,417,264,15,18
34,412,264,15,18
35,404,266,15,18
36,386,274,15,18
37,373,274,15,18
38,354,282,15,18
39,349,286,15,18
40,337,283,17,18
41,334,278,17,18
42,323,278,17,18
43,319,280,17,18
44,316,283,17,18
45,308,283,17,18
46,301,285,17,18
47,294,292,17,18
48,281,296,17,18
49,269,304,17,18
50,259,307,17,18
51,245,309,17,18
52,236,310,17,18
53,233,316,17,18
54,233,319,17,18
55,219,323,17,18
56,208,323,17,18
65,0,0,0,0
1,414,331,21,17
2,411,343,18,17
3,406,348,19,21
4,398,353,19,20
5,398,361,19,20
6,398,366,19,20
7,397,373,19,20
8,397,373,19,20
9,397,373,19,20
10,393,377,19,20
11,393,373,19,20
12,391,377,19,20
13,388,381,19,20
14,391,379,20,20
15,387,390,20,20
16,390,404,20,20
17,389,408,20,20
18,384,412,20,20
19,376,419,20,20
20,366,424,20,20
21,366,421,18,20
22,363,420,18,20
23,369,424,18,20
24,364,421,18,20
25,364,421,18,20
26,360,424,18,20
27,361,432,18,20
28,359,430,18,20
29,359,430,18,20
30,352,434,18,20
31,345,442,18,20
32,335,442,18,20
33,324,440,18,20
34,310,440,18,20
35,301,436,18,20
36,290,444,18,20
37,281,444,18,20
38,276,452,18,20
39,264,456,18,20
40,254,461,18,20
41,247,462,18,20
42,237,464,18,20
43,230,468,18,20
44,224,467,19,20
45,216,467,19,20
46,206,471,19,20
47,197,475,19,20
48,188,477,19,20
49,199,471,19,20
50,196,471,19,20
51,191,474,19,20
52,180,477,19,20
53,176,479,19,20
54,168,480,19,20
55,159,476,19,20
56,157,477,19,20
66,0,0,0,0
1,481,354,18,19
2,481,351,18,19
3,481,351,18,19
4,481,351,18,19
5,481,351,18,19
6,481,351,18,19
7,479,349,18,19
8,479,349,18,19
9,479,349,18,19
10,479,349,18,19
11,481,350,18,19
12,485,354,18,19
13,489,355,18,19
14,489,355,18,19
15,485,355,18,19
16,480,355,18,19
17,482,354,18,19
18,478,352,18,19
19,478,352,18,19
20,478,352,18,19
21,478,352,18,19
22,478,352,18,19
23,478,352,18,19
24,478,356,18,19
25,478,356,18,19
26,479,352,18,19
27,479,352,18,19
28,479,352,18,19
29,479,352,18,19
30,479,352,18,19
31,479,352,18,19
32,479,352,18,19
33,479,352,18,19
34,479,352,18,19
35,479,352,18,19
36,479,352,18,19
37,479,352,18,19
38,479,352,18,19
39,479,352,18,19
40,479,352,18,19
41,479,352,18,19
42,479,352,18,19
43,479,352,18,19
44,479,352,18,19
45,483,354,18,19
46,479,352,18,19
47,484,353,20,19
48,486,350,20,19
49,485,346,18,19
50,485,345,18,19
51,493,356,18,19
52,491,350,18,19
53,482,343,18,19
54,482,345,18,19
55,482,345,17,19
56,482,345,17,19
67,0,0,0,0
1,346,388,33,20
2,346,384,28,21
3,350,388,25,18
4,355,388,30,21
5,353,389,32,19
6,358,393,32,19
7,358,393,32,19
8,365,393,27,20
9,365,394,35,18
10,365,397,29,17
11,365,395,40,18
12,360,392,31,23
13,365,396,30,16
14,369,397,30,18
15,375,397,19,27
16,369,394,30,25
17,369,397,30,16
18,371,397,27,23
19,371,397,27,23
20,378,397,31,21
21,378,393,33,20
22,378,393,39,18
23,384,393,31,18
24,390,393,26,23
25,394,392,26,23
26,394,392,26,23
27,397,395,34,17
28,397,395,34,17
29,400,393,30,20
30,400,393,30,20
31,404,392,30,20
32,404,392,30,20
33,411,396,30,21
34,414,396,25,28
35,417,396,29,22
36,406,391,29,22
37,396,390,36,19
38,395,384,30,22
39,397,385,30,22
40,397,385,27,20
41,401,383,27,20
42,396,387,34,23
43,398,381,26,23
44,398,381,26,23
45,398,381,26,23
46,401,378,26,23
47,396,373,26,28
48,390,384,28,24
49,385,385,28,24
50,385,385,28,24
51,389,380,26,24
52,386,384,26,24
53,387,375,26,27
54,387,379,29,21
55,387,379,29,21
56,386,376,26,24
68,0,0,0,0
12,489,331,23,24
13,477,341,25,25
14,470,358,21,24
15,477,372,19,30
16,465,397,29,19
17,444,402,29,19
18,426,397,23,27
19,407,412,23,25
20,393,425,25,25
21,390,442,22,25
22,406,456,22,25
23,423,462,22,25
24,436,464,22,25
25,453,450,26,27
26,468,436,26,27
27,485,422,24,24
28,485,400,24,24
29,488,376,24,24
69,0,0,0,0
1,5,391,18,19
2,5,391,18,19
3,5,391,18,19
4,5,391,18,19
5,5,391,18,19
6,5,391,18,19
7,5,391,18,19
8,5,391,18,19
9,5,391,18,19
10,5,391,18,19
11,5,391,18,19
12,5,391,18,19
13,5,391,18,19
14,5,386,18,19
15,5,386,18,19
16,6,393,18,19
17,5,393,18,19
18,4,392,18,19
19,7,393,18,19
20,7,397,18,19
21,7,397,18,19
22,5,390,18,19
23,5,390,18,19
24,8,398,18,19
25,16,402,18,19
26,30,396,18,19
27,28,398,18,19
28,19,400,18,19
29,16,401,18,19
30,11,400,18,19
31,10,398,18,19
32,10,398,18,19
33,7,396,18,19
34,8,396,18,19
35,8,396,18,19
36,6,394,18,19
37,6,392,18,19
38,6,392,18,19
39,8,396,18,19
40,6,394,18,19
41,6,393,18,19
42,6,390,18,19
43,6,390,18,19
44,6,390,18,19
45,6,392,18,19
46,6,392,18,19
47,6,392,18,19
48,6,392,18,19
49,6,392,18,19
50,5,388,18,19
51,5,388,18,19
52,6,392,18,19
53,6,391,18,19
54,7,395,18,19
55,5,388,18,19
56,6,390,18,19
70,0,0,0,0
1,451,445,20,21
2,442,444,22,20
3,431,442,21,21
4,422,446,22,21
5,417,454,22,22
6,410,457,22,22
7,401,465,20,22
8,391,468,21,22
9,386,468,21,22
10,387,469,25,24
11,387,469,25,24
12,387,469,25,24
13,385,467,25,24
14,381,464,25,24
15,381,456,25,24
16,385,452,25,22
17,396,440,29,25
18,401,432,37,26
19,409,426,36,27
20,429,433,32,25
21,437,437,32,25
22,448,441,29,36
23,461,465,25,29
24,474,472,25,29
25,476,477,28,30
26,486,488,28,21
71,0,0,0,0
6,495,355,18,20
7,493,357,18,20
8,489,362,18,20
9,489,362,18,20
10,487,364,18,20
11,482,366,18,20
12,481,373,18,20
13,481,376,18,18
14,481,383,18,18
15,484,398,18,18
16,486,401,18,18
17,482,401,18,18
18,478,401,18,21
19,478,401,18,21
20,478,401,18,21
21,481,405,18,20
22,481,400,18,20
23,482,402,18,20
24,482,397,18,20
25,479,401,18,20
26,479,401,18,20
27,478,402,18,20
28,473,396,18,21
29,475,400,18,21
30,475,400,18,21
31,475,400,18,21
32,473,395,18,21
33,473,395,18,21
34,477,400,18,21
35,477,400,18,21
36,477,400,18,21
37,477,396,18,23
38,477,396,18,23
39,477,400,18,21
40,477,400,18,21
41,475,400,18,21
42,475,398,18,21
43,472,398,20,21
44,472,399,20,21
45,475,401,20,21
46,475,401,20,21
47,470,401,24,17
48,476,400,18,19
49,476,400,18,19
50,476,400,18,19
51,476,400,18,19
52,476,400,18,19
53,472,399,22,16
54,474,399,23,18
55,473,396,23,18
56,473,396,23,18
72,0,0,0,0
1,365,426,23,31
2,368,421,23,31
3,366,419,21,31
4,366,415,21,31
5,368,411,25,30
6,369,408,25,30
7,377,405,21,26
8,377,405,21,21
9,377,405,31,19
10,384,398,25,25
11,384,401,29,20
12,391,396,26,22
13,391,398,32,18
14,395,394,27,21
15,399,393,28,21
16,405,393,26,21
17,405,391,22,24
18,407,384,19,30
19,407,381,24,27
20,407,381,26,27
21,408,375,23,30
22,416,376,23,28
23,411,376,21,27
24,410,371,21,30
25,411,371,21,27
26,406,369,22,27
27,410,364,22,27
28,410,364,22,27
29,413,363,24,26
30,413,363,28,23
31,414,363,26,20
32,416,357,23,25
33,416,357,28,21
34,422,352,25,25
35,422,352,29,22
36,427,349,27,21
37,427,349,27,21
38,431,348,29,18
39,433,345,29,21
40,435,349,27,24
41,439,349,30,20
42,439,349,30,20
43,445,349,30,20
44,445,349,30,20
45,451,348,30,20
46,456,349,26,23
47,456,349,26,23
48,463,349,26,23
49,467,353,26,21
50,467,353,24,28
51,470,354,24,25
52,471,354,24,27
53,477,357,24,24
54,478,362,24,24
55,479,363,24,24
56,479,367,24,24
73,0,0,0,0
1,340,440,23,23
2,340,440,28,21
3,342,437,28,24
4,345,437,24,24
5,348,431,24,24
6,348,431,24,24
7,349,424,18,30
8,349,424,18,30
9,349,424,18,30
10,349,424,18,30
11,349,426,18,27
12,349,426,18,27
13,349,431,19,20
14,349,431,21,23
15,348,428,21,23
16,348,428,21,23
17,348,428,21,23
18,348,428,21,23
19,348,424,21,26
20,348,424,21,26
21,348,424,21,26
22,348,424,19,26
23,348,424,19,26
24,345,424,21,26
25,345,424,21,26
26,345,424,21,26
27,345,419,18,27
28,344,416,18,27
29,342,414,18,27
30,340,414,19,27
31,340,414,19,27
32,337,414,21,24
33,337,414,21,24
34,334,414,23,22
35,334,414,23,22
36,330,415,23,22
37,330,415,23,22
38,327,415,23,22
39,322,416,23,22
40,322,416,26,21
41,318,416,26,21
42,318,416,26,21
43,313,413,30,20
44,310,414,30,18
45,310,414,28,18
46,310,414,28,18
47,306,415,28,18
48,306,415,28,18
49,301,415,28,18
50,296,417,28,18
51,294,413,28,19
52,290,417,28,19
53,290,411,26,24
54,290,411,26,24
55,284,415,31,17
56,288,411,26,20
74,0,0,0,0
1,334,412,25,20
2,338,402,21,32
3,333,402,22,30
4,330,392,22,30
5,331,387,17,34
6,332,383,17,34
7,332,383,17,34
8,332,383,17,34
9,332,383,17,34
10,332,383,17,34
11,332,383,17,34
12,331,375,18,39
13,331,375,18,39
14,331,375,18,39
15,331,375,18,39
16,331,375,18,32
17,331,375,18,32
18,329,370,19,36
19,329,370,19,36
20,329,374,19,31
21,329,374,19,31
22,329,371,19,31
23,329,363,20,38
24,326,361,20,33
25,329,361,20,33
26,329,361,20,33
27,327,363,20,30
28,332,363,14,51
29,332,368,13,45
30,332,372,13,40
31,332,376,17,35
32,332,382,18,34
33,333,386,15,29
34,333,386,15,29
35,333,379,15,35
36,333,379,18,28
37,331,379,18,28
38,332,377,18,28
39,332,379,18,25
40,332,379,15,37
41,332,384,14,36
42,332,384,14,36
43,332,384,13,31
44,332,384,13,31
45,331,384,13,31
46,331,384,13,31
47,331,384,13,31
48,331,384,13,31
49,331,384,13,31
50,331,384,15,40
51,331,384,15,40
52,332,375,17,48
53,332,375,17,48
54,332,375,17,48
55,332,375,17,48
56,332,375,16,48
75,0,0,0,0
1,346,464,32,21
2,335,461,32,21
3,327,454,32,25
4,318,446,32,25
5,312,441,32,25
6,299,441,32,25
7,286,432,32,25
8,275,439,32,25
9,259,437,32,25
10,251,426,32,28
11,250,409,30,28
12,251,397,24,38
13,253,391,24,33
14,247,376,29,29
15,248,363,29,29
16,259,350,27,29
17,262,345,27,29
18,262,335,27,26
19,251,325,35,23
20,244,318,31,25
21,230,306,31,25
22,227,303,31,25
23,222,288,22,37
24,226,283,22,30
25,226,284,22,25
26,226,284,22,25
27,220,289,22,25
28,206,289,22,25
29,200,284,27,23
30,191,290,27,30
31,177,295,27,30
32,170,310,27,30
33,178,319,27,32
34,189,332,27,32
35,183,349,27,28
36,172,356,28,28
37,167,370,28,28
38,178,384,28,28
39,189,388,28,28
40,184,405,28,28
41,173,405,28,28
42,147,394,31,30
43,142,388,31,30
44,129,384,31,30
45,120,370,31,30
46,124,361,27,30
47,126,356,27,30
48,138,346,27,30
49,145,344,27,30
50,163,337,27,30
51,172,322,27,30
52,177,315,27,30
53,178,311,37,25
54,187,300,32,34
55,193,299,32,24
56,188,293,32,24
76,0,0,0,0
9,490,380,19,21
10,483,385,19,21
11,477,385,19,21
12,467,385,19,21
13,452,390,19,21
14,449,396,19,20
15,444,401,19,20
16,432,409,19,20
17,425,411,19,20
18,413,416,19,20
19,395,425,19,20
20,379,435,19,20
21,370,447,19,20
22,366,453,19,20
23,363,455,19,20
24,350,459,19,20
25,338,461,19,20
26,331,460,19,20
27,322,468,19,20
28,312,472,19,20
29,302,480,19,20
30,284,480,19,20
31,278,488,19,20
32,273,493,19,20
33,263,488,19,20
34,256,497,19,17
77,0,0,0,0
16,487,336,23,24
17,480,327,22,21
18,478,304,22,21
19,478,288,18,27
20,492,298,20,19
21,496,322,17,21
22,497,334,15,19
23,490,338,17,21
24,481,337,18,19
25,478,323,21,19
26,500,311,14,21
27,498,298,14,24
28,493,298,19,22
78,0,0,0,0
1,49,431,25,21
2,55,421,22,21
3,62,412,17,24
4,59,405,17,19
5,57,404,18,20
6,57,392,18,20
7,56,388,18,20
8,49,390,18,20
9,39,390,18,20
10,29,380,18,20
11,35,385,18,20
12,31,384,18,20
13,35,384,18,20
14,32,384,18,20
15,32,384,18,20
16,30,384,18,20
17,28,383,18,20
18,25,380,18,20
19,25,380,18,20
20,13,378,18,17
21,4,373,21,20
22,8,368,18,19
23,15,372,18,19
24,15,375,20,22
25,10,380,20,26
26,9,391,20,22
27,5,396,20,22
28,-6,404,20,22
79,0,0,0,0
1,103,494,20,18
80,0,0,0,0
1,185,442,21,24
2,184,445,21,24
3,190,449,23,23
4,190,450,23,24
5,192,455,23,24
6,194,457,23,24
7,196,461,23,24
8,197,464,19,25
9,201,468,21,25
10,201,474,21,22
11,203,475,25,22
12,202,476,23,23
13,202,480,23,23
14,205,481,20,23
15,205,484,20,26
16,205,484,20,26
17,204,488,19,26
18,204,488,19,26
19,204,494,19,21
81,0,0,0,0
1,230,403,17,19
2,225,407,17,21
3,220,404,17,21
4,216,404,20,19
5,211,405,20,19
6,191,404,20,19
7,189,402,20,19
8,189,398,20,19
9,181,398,20,19
10,174,401,17,18
11,165,401,17,18
12,160,405,17,18
13,147,415,17,18
14,135,420,17,18
15,123,429,17,18
16,116,432,17,18
17,108,435,17,18
18,105,443,17,18
19,96,445,17,18
20,90,451,17,18
21,80,455,17,18
22,74,459,17,18
23,69,460,17,18
24,57,463,17,18
25,51,471,17,18
26,39,483,17,18
27,28,487,17,18
28,19,495,17,18
29,16,495,17,18
30,17,495,15,17
31,16,495,17,18
32,16,495,17,18
33,16,495,17,18
34,16,495,17,18
35,16,495,17,18
36,16,495,17,18
37,16,495,15,17
38,16,495,15,17
39,16,495,15,17
40,16,495,15,17
41,16,495,15,17
42,16,491,15,17
43,16,491,15,17
44,16,491,15,17
45,16,493,15,17
46,16,493,15,17
47,16,493,15,17
48,10,493,15,17
82,0,0,0,0
1,113,432,20,27
2,121,421,20,27
3,108,414,25,23
4,102,415,25,21
5,89,417,28,18
6,75,417,28,16
7,70,421,28,24
8,61,425,28,18
9,53,426,28,18
10,48,426,28,20
11,35,426,28,20
12,25,420,23,17
13,20,414,27,20
14,12,409,24,21
15,5,409,25,17
16,-5,409,25,17
83,0,0,0,0
1,207,416,25,19
2,207,416,25,19
3,207,416,25,19
4,207,416,25,19
5,202,422,25,19
6,202,421,24,18
7,199,421,26,18
8,193,419,26,18
9,188,417,26,18
10,188,416,25,17
11,189,416,23,17
12,187,416,23,17
13,187,416,21,19
14,187,416,21,17
15,180,408,25,24
16,182,411,22,20
17,176,411,27,19
18,171,407,27,19
19,173,407,24,19
20,173,402,23,23
21,173,397,20,27
22,173,397,20,27
23,173,397,20,23
24,175,390,17,29
25,175,390,17,28
26,175,386,18,24
27,175,386,18,24
28,175,382,18,24
29,175,382,18,24
30,175,374,18,27
31,175,378,22,20
32,175,378,22,20
33,179,372,22,21
34,181,367,23,23
35,183,374,23,17
36,188,371,25,17
37,189,366,23,21
38,189,366,23,18
39,194,361,21,21
40,194,361,21,21
41,200,360,21,21
42,202,356,21,21
43,202,353,21,21
44,206,353,21,21
45,206,350,21,21
46,207,348,21,21
47,208,347,21,21
48,208,343,21,21
49,209,339,21,21
50,212,341,20,21
51,212,341,20,21
52,212,341,20,16
53,216,340,20,16
54,220,340,26,17
55,225,340,20,22
56,229,342,24,20
84,0,0,0,0
9,250,495,15,19
10,250,495,15,19
11,250,495,20,16
12,247,492,19,18
13,247,496,25,15
14,239,491,24,19
15,239,491,24,19
16,234,486,24,21
17,234,486,24,23
18,230,487,24,23
19,226,490,24,17
20,221,490,24,20
21,216,486,28,21
22,214,491,28,18
23,211,492,28,18
24,210,493,23,18
25,210,493,23,18
26,210,493,23,18
27,210,493,23,18
28,210,493,23,18
29,210,491,18,19
30,210,491,18,19
31,202,494,25,18
32,206,494,20,18
33,205,498,20,18
34,198,498,25,14
35,198,498,25,14
85,0,0,0,0
39,0,328,16,20
40,0,328,16,20
41,-1,333,16,23
42,-1,333,16,23
43,-1,333,16,23
44,0,341,16,23
45,0,341,16,23
46,1,346,16,23
47,0,351,16,23
48,0,357,16,23
49,0,357,16,23
50,0,357,13,23
51,0,357,13,23
52,0,367,16,23
53,0,367,16,23
86,0,0,0,0
26,497,463,18,20
27,490,461,23,20
28,493,461,19,20
29,487,461,24,20
30,485,461,24,20
31,485,461,24,20
32,485,461,24,20
33,482,456,24,20
34,480,459,24,20
35,478,458,24,19
36,472,456,24,19
37,470,454,24,19
38,466,454,24,19
39,466,454,24,19
40,460,454,24,19
41,459,456,24,19
42,454,454,24,19
43,449,454,28,20
44,449,451,24,21
45,446,451,24,21
46,444,453,24,21
47,442,451,24,21
48,439,449,24,21
49,440,447,21,22
50,435,447,25,22
51,436,447,22,20
52,436,447,22,20
53,432,442,22,20
54,430,437,22,24
55,430,437,22,20
56,426,435,25,21
87,0,0,0,0
33,493,262,17,17
34,489,270,16,16
35,476,280,16,16
36,464,288,16,16
37,454,289,16,16
38,448,291,16,16
39,436,298,16,16
40,419,302,16,16
41,412,307,16,16
42,403,309,16,16
43,390,316,16,16
44,382,312,16,16
45,371,313,16,16
46,370,320,16,16
47,363,319,16,16
48,363,321,16,16
49,362,324,16,16
50,356,323,16,16
51,347,318,16,16
52,333,314,16,16
53,324,320,16,16
54,311,316,16,16
55,301,316,16,16
56,291,312,16,16
88,0,0,0,0
35,490,326,21,18
36,486,326,21,18
37,478,326,28,16
38,477,320,21,22
39,466,319,21,22
40,459,324,21,22
41,456,313,16,32
42,448,308,16,30
43,431,315,27,19
44,427,309,17,26
45,418,309,17,26
46,411,311,16,25
47,412,298,16,25
48,405,283,22,23
49,403,271,22,23
50,394,264,28,20
51,386,259,28,20
52,382,256,28,20
53,371,254,28,20
54,365,247,21,24
55,354,248,25,25
56,345,253,21,25
89,0,0,0,0
40,491,312,21,19
41,490,316,21,19
42,490,316,21,19
43,486,316,22,19
44,483,320,22,22
45,481,323,22,22
46,476,327,21,18
47,474,329,21,18
48,467,332,23,18
49,467,334,23,18
50,463,335,23,18
51,464,338,23,17
52,464,338,20,18
53,461,338,18,23
54,461,336,18,21
55,461,340,16,24
56,456,343,20,20
90,0,0,0,0
44,497,468,14,25
45,497,468,14,25
46,488,475,15,20
47,474,482,15,20
48,470,488,17,20
49,459,492,17,20
91,0,0,0,0
46,497,341,15,14
47,488,336,23,17
48,486,335,23,17
49,486,329,22,16
50,486,329,22,16
51,480,335,18,17
52,475,327,22,16
53,468,319,19,20
54,463,313,19,20
55,453,318,19,20
56,430,325,25,15
92,0,0,0,0
54,496,485,16,24
55,476,481,22,27
56,453,470,22,27
