1,0,0
1,76.446,170.39
2,76.128,149.02
3,70.774,129.09
4,66.788,113.99
5,71.731,105.9
6,77.859,109.23
7,77.836,110.23
8,75.991,108.68
9,78.383,110.98
10,73.85,107.13
11,70.592,103.03
12,71.572,102.85
13,72.711,101.23
14,70.797,100.46
15,70.387,98.679
16,69.408,97.927
17,69.636,94.829
18,70.501,94.1
19,70.342,92.437
20,69.157,88.838
21,73.052,90.661
22,75.421,90.524
23,73.872,92.05
24,77.084,89.886
25,75.308,87.107
26,73.075,82.437
27,78.36,82.301
28,75.763,80.273
29,84.214,78.428
30,82.756,81.002
31,79.066,77.585
32,74.396,44.738
33,72.05,44.123
34,71.936,47.722
35,69.613,50.774
36,65.33,49.954
37,67.153,52.597
38,62.642,50.251
39,60.456,54.67
40,59.522,52.938
41,58.405,52.255
42,54.533,52.688
43,50.228,57.699
44,47.699,58.588
45,44.465,60.296
46,45.672,64.556
47,48.884,68.246
48,45.194,68.975
49,52.141,73.804
50,51.276,76.743
2,0,0
1,114.58,419.64
2,111.05,406.7
3,111.09,389.54
4,111.78,386.38
5,112.67,383.21
6,110.23,388.52
7,111.96,389.61
8,113.03,390.36
9,113.51,391.21
10,113.8,393.76
11,115.42,398.75
12,115.81,402.23
13,116.61,408.56
14,115.22,405.92
15,117.95,408.06
16,115.6,409.38
17,116.81,407.79
18,124.01,412.67
19,122.1,413.08
20,124.94,414.78
21,127.95,415.6
22,129.41,419.38
23,130.46,419.54
24,132.62,417.79
25,134.33,419.34
26,138.5,422.35
27,142.98,424.01
28,144.85,425.26
29,146.65,424.03
30,149.66,424.24
31,151.53,428.61
32,153.67,433.53
33,156.49,433.71
34,161.25,437.06
35,162.41,440.32
36,163.94,441.32
37,171.5,444.83
38,170.09,445.03
39,176.58,442.53
40,182.23,442.03
41,183.35,438.56
42,187.08,437.86
43,189.13,437.11
44,192.37,436.17
45,197.29,429.48
46,201.48,429.75
47,202.44,427.79
48,205.54,428.11
49,209.57,428.88
50,210.14,426.67
51,214.99,429.79
52,219,430.18
53,223.17,429.54
54,227.63,432.05
55,228.63,430.8
56,232.26,431.3
57,233.05,430.41
58,236.65,427.88
3,0,0
1,164.05,18.087
2,154.83,1.5718
4,0,0
1,171.21,474.99
2,170.93,474.21
3,170.14,471.75
4,170.52,466.88
5,174.01,467.22
6,176.04,465.99
7,178.5,464.28
8,183.74,465.85
9,185.15,461.8
10,188.77,461.75
11,186.26,461
12,192.62,455.24
13,190.36,452.78
14,195.6,455.4
15,196.42,454.81
16,202.05,455.99
17,203.55,453.01
18,206.08,450.84
19,210.64,451.75
20,212.8,451.03
21,215.26,452.78
22,219.43,457.08
23,222.82,457.7
24,226.17,458.82
25,227.9,460.39
26,230.57,461.07
27,231,462.14
28,230.46,466.54
29,231.59,466.88
30,229.29,471.62
31,232.82,472.12
32,232.35,473.49
33,232.46,478.77
34,235.06,481.05
35,239,484.12
36,237.63,486.7
37,240.84,487.65
38,239.04,489.45
39,238.86,494.62
40,243.23,497.59
41,244.72,499.64
42,245.56,500.18
43,244.15,501.5
44,244.74,506.38
45,246.38,507.18
46,246.97,507.68
47,245.85,505.44
48,248.95,509.13
49,248.2,512.03
50,251.69,506.77
51,253.21,508.88
52,261.89,512.03
53,261.69,512.03
54,256.67,505.01
55,261.55,509.25
56,263.26,512.03
57,263.42,512.03
58,264.05,512.03
5,0,0
1,229.98,17.449
2,228.91,17.79
3,228.15,18.519
4,227.22,18.952
5,226.7,19.385
6,226.51,18.656
7,223.76,18.018
8,224.37,21.481
9,225.17,20.843
10,225.67,20.524
11,225.49,22.027
12,225.67,20.683
13,226.31,21.093
14,223.64,22.938
15,225.24,23.69
16,221.16,21.412
17,221.23,22.46
18,222.46,22.756
19,222.26,21.572
20,218.61,20.592
21,217.88,18.519
22,225.85,13.895
23,219.7,16.651
24,218.54,12.597
25,219.43,15.49
26,224.94,14.92
27,224.03,14.305
28,222.16,15.194
29,226.4,17.813
30,228.84,17.563
31,230.48,19.567
32,229.89,15.011
33,242.32,0.50114
34,243.8,3.0068
35,244.1,0.50114
36,241.59,0.50114
37,247.59,0.50114
38,238.77,0.50114
39,230.98,7.4943
40,223.21,10.114
41,212.78,18.314
42,208.61,31.549
43,194.69,44.009
44,193.12,37.449
45,193.94,33.667
46,193.6,32.62
47,194.83,31.686
48,197.81,26.811
49,198.34,21.959
50,199.61,16.72
51,198.47,14.169
52,196.88,10.82
53,193.85,7.6538
54,198.79,5.3531
55,199.09,0.50114
6,0,0
1,229.41,154.03
2,226.88,154.24
3,227.13,152.82
4,229.32,153.58
5,230.05,156.13
6,231.21,160.43
7,231.78,162.92
8,233.71,167.9
9,227.24,173.58
10,226.56,176.08
11,229.02,182.89
12,225.79,179.04
13,225.15,179.91
14,223.49,183.37
15,218.2,186.67
16,211.46,188.56
17,217.84,191.34
18,218.47,199.82
19,221.69,201.96
20,222.51,204.44
21,223.71,205.17
22,230.41,205.1
23,231.75,207.65
24,229.75,217.15
25,217.45,218
26,215.44,216.42
27,213.83,221.12
28,213.01,223.92
29,208.77,224.97
30,206.56,225.99
31,205.72,227.93
32,199.93,225.9
33,200.84,229.64
34,192.03,228.91
35,192.32,223.51
36,186.63,222.35
37,185.19,215.03
38,184.44,209.23
39,180.89,202.21
40,185.4,202.16
41,182.98,200.14
42,193.55,197.06
43,194.37,196.06
44,195.81,192.96
45,199.75,191.07
46,199.84,191.18
47,205.47,192.67
48,194.53,182.78
49,201.25,178.02
50,200.07,177.77
51,205.74,173.94
52,209.45,175.03
53,208.88,174.74
54,212.82,175.26
55,216.79,168.56
56,221.62,165.69
57,221.39,166.13
58,226.31,171.5
7,0,0
1,249.07,157.52
2,244.28,144.42
3,243.12,134.78
4,243.55,121.37
5,239.38,112.35
6,237.81,113.83
7,235.99,115.1
8,239.34,118.95
9,237.36,111.55
10,237.52,115.13
11,238.02,119.66
12,233.8,120.87
13,228.63,124.85
14,232.07,128.5
15,233.17,127.22
16,231.85,132.26
17,233.78,128.11
18,232.53,124.19
19,230.5,128.04
20,228.31,131.87
21,229.93,132.57
22,229.27,135.83
23,228.82,138.47
24,225.54,139.68
25,225.9,144.87
26,229.73,144.69
27,227.43,147.43
28,229.59,155.65
29,230.52,162.87
30,228.54,167.45
31,233.21,175.76
32,236.47,184.6
33,238.82,189
34,235.42,195.17
35,234.92,196.9
36,235.88,197.29
37,230.52,195.9
38,225.33,196.58
39,223.99,195.58
40,221.16,202.44
41,224.78,204.51
42,215.88,208.2
43,209.57,213.71
44,201.5,219.43
45,198.84,223.94
46,200.93,227.79
47,195.9,234.83
48,191.91,237.56
49,186.72,245.4
50,184.85,250.71
51,183.1,255.92
52,176.97,260.11
53,175.92,267.18
54,169.09,274.74
55,157.38,280.91
56,152.53,286.04
57,152.21,289.91
58,147.15,293.58
8,0,0
1,281.71,92.346
2,273.58,82.711
3,277.02,79.636
4,277.97,80.091
5,279.91,74.419
6,280.46,72.232
7,281,69.613
8,284.46,73.03
9,286.65,75.877
10,288.36,74.647
11,290.75,74.146
12,294.56,75.034
13,300.55,73.85
14,298.29,76.287
15,302.62,67.654
16,300.93,68.337
17,301.46,65.194
18,302.82,61.936
19,304.72,55.285
20,310.91,56.105
21,311.59,57.677
22,310.96,53.759
23,315.06,53.03
24,318.68,52.232
25,322,50.273
26,320.09,47.927
27,320.96,45.399
28,321.78,41.595
29,319.79,38.132
30,319.86,34.328
31,322.07,29.248
32,323.8,28.451
33,322.39,30.638
34,347.02,13.212
35,345.67,13.349
36,347.29,42.437
37,350.09,42.847
38,348.18,46.241
39,350.8,58.451
40,351.3,61.367
41,355.49,61.435
42,355.17,61.959
43,353.9,63.918
44,354.19,65.877
45,353.39,67.472
46,350.16,71.093
47,351.53,76.743
48,349.25,77.107
49,353.64,84.579
50,358.22,89.636
51,359.66,90.797
52,363.1,97.745
53,368.61,99.544
54,375.54,100.11
55,376.13,102.12
56,382.87,96.583
57,386.54,94.966
58,388.02,95.285
9,0,0
1,285.74,341.16
2,284.44,336.17
3,283.78,337.52
4,282.85,338.31
5,284.51,336.47
6,283.74,338.04
7,284.81,331.82
8,283.58,332.41
9,285.4,332.26
10,284.85,331.05
11,288.18,328.91
12,287.68,329.2
13,284.83,331.44
14,283.55,334.65
15,281.94,335.83
16,280.46,339.95
17,281.64,336.67
18,280.84,336.95
19,280.55,335.72
10,0,0
1,301.98,47.79
2,306.22,45.923
3,306.1,43.645
4,307.68,43.804
5,307.79,37.312
6,310.27,38.451
7,316.15,41.276
8,318.54,40.023
9,314.56,38.018
10,313.76,34.351
11,313.35,34.67
12,314.08,34.191
13,313.49,28.838
14,311.71,26.424
15,305.83,25.33
16,304.85,23.759
17,308.7,25.194
18,312.05,18.337
19,310.36,15.535
20,316.7,12.984
21,315.83,10.729
22,314.65,8.8383
23,316.56,9.5216
24,313.39,4.5558
25,314.62,0.50114
11,0,0
1,316.33,279.18
2,317.54,280
3,313.51,283.39
4,310.43,287.9
5,308.5,290.09
6,308.45,291.85
7,304.92,295.58
8,301.96,298.38
9,302.98,301.64
10,303.03,304.08
11,300.71,304.08
12,300.48,305.9
13,294.9,305.83
14,292.26,304.56
15,294.78,303.9
16,296.22,307.38
17,291.75,307.88
18,291.32,306.26
19,294.62,308.7
20,291.03,307.81
21,296.9,320.62
22,299,322.67
23,297.47,319.59
24,297.9,320.59
25,299.38,323.3
26,306.56,321.28
27,310.11,324.1
28,315.56,323.76
29,315.15,323.76
30,320,329.25
31,321.16,328
32,323.1,331.98
33,326.51,333.1
34,327.33,335.31
35,327.59,335.49
36,330.27,337.84
37,331.62,340.62
38,336.86,342.92
39,336.31,343.51
40,342.07,340.55
41,344.72,339.25
42,347.81,345.17
43,350.52,343.78
44,353.14,339.66
45,353.6,340.02
46,357.47,342.32
47,359.7,343.17
48,360.62,339.61
49,363.37,340.55
50,366.17,341.41
51,371.32,344.05
52,371.98,344.69
53,371.37,346.4
54,375.31,342.89
55,374.53,345.56
56,380.87,345.65
57,377.86,345.65
58,378.11,347.79
12,0,0
1,322.85,435.03
2,322.05,435.1
3,322.85,436.06
4,320.91,433.92
5,319.16,432.03
6,317.15,428.41
7,316.31,429.23
8,311.62,429.43
9,312.89,425.67
10,312.48,421.3
11,309.84,416.17
12,309.84,415.42
13,310.98,411.14
14,310.96,413.96
15,310.05,407.61
16,310.09,407.02
17,307.74,406.06
18,309.98,404.51
19,312.87,401.5
20,312.05,401.16
21,310.62,400.07
22,307.86,402.53
23,303.94,397.65
24,303.99,400.14
25,307.04,398.27
26,300.77,396.42
27,303.3,393.92
28,298.11,391.53
29,300.48,386.99
30,300.34,387.54
31,301.66,383.44
32,301.82,381.03
33,304.85,379.82
34,309.48,381.21
35,306.04,374.74
36,309.64,377.52
37,314.21,377.18
38,307.33,374.44
39,313.94,370.25
40,311.09,370.11
41,310.16,364.49
42,308.29,361.73
43,310.32,363.71
44,317.08,361.73
45,313.69,360.41
46,308.88,359.2
47,314.94,355.35
48,312.69,352.78
49,310.25,348.77
50,311.41,347.02
51,312.39,343.71
52,322.41,341.25
53,320.57,339.41
54,320.18,338.06
55,323.12,335.4
56,325.08,334.31
57,325.54,333.51
58,323.39,330.5
13,0,0
1,344.49,243.05
2,350.77,240.66
3,358.02,236.81
4,363.76,248.72
5,358.63,262.53
6,346.86,276.4
7,345.08,298.18
8,357.9,316.08
14,0,0
1,380.5,366.2
2,385.15,367.61
3,389.7,367.7
4,391.07,367.93
5,390.62,366.77
6,393.39,365.83
7,388.41,369.93
8,387.63,369.91
9,388.04,368.77
10,387.77,372.44
11,385.47,367.45
12,385.58,367.29
13,381.73,368.88
14,383.71,370.8
15,385.15,368.97
16,385.54,372.6
17,385.06,377.9
18,383.85,372.64
19,381.53,372.46
20,380.68,374.17
21,381.85,370.14
22,383.42,371.05
23,384.83,368.06
24,385.28,362.23
25,384.28,360.32
26,388.38,358.86
27,389.2,363.42
28,387.4,366.1
29,386.45,366.83
30,386.54,369.13
31,385.9,366.63
32,386.63,368.41
33,386.77,368.43
34,387.18,370.27
35,387.04,368.59
36,387.22,368
37,387.02,370.75
38,386.74,369.34
39,388.04,369.27
40,387.4,368.77
41,386.47,368.45
42,386.38,369.25
43,387.02,368.25
44,386.49,368.29
45,386.9,368.59
46,387.06,368.59
47,387.56,369.04
48,386.45,368.68
49,387.33,368.88
50,386.88,368.34
51,386.63,368.7
52,386.7,368.27
53,387.95,367.59
54,387.31,368.61
55,387.68,368.43
56,387.49,367.77
57,392.1,369.45
58,389.11,368.41
15,0,0
1,478.52,324.74
2,476.54,316.67
3,473.33,309.86
4,476.15,303.42
5,476.81,300.32
6,473.53,297.15
7,473.71,291.09
8,473.99,287.81
9,475.38,285.92
10,473.49,279.27
11,475.81,276.74
12,476.2,270.5
13,481.55,267.79
14,474.1,261.53
15,478.72,260.73
16,479.38,253.21
17,479.04,251.73
18,483.28,246.38
19,473.92,240.98
20,472.89,234.31
21,470.77,234.31
22,465.85,228.68
23,461.3,226.92
24,456.47,227.13
25,451.5,223.39
26,447.29,220.75
27,443.19,225.31
28,442.16,221.71
29,431.57,223.1
30,426.42,220.62
31,423.46,219.73
32,415.54,216.79
33,409.04,218.06
34,404.19,218.95
35,399.18,223.69
36,394.37,225.47
37,391.75,227.9
38,394.05,233.26
16,0,0
1,480.41,46.651
2,473.87,28.064
3,472.64,15.626
4,464.21,0.50114
17,0,0
1,483.9,451.39
2,482.64,459.52
3,483.35,460.77
4,476.86,465.79
5,480.96,465.6
6,478.31,467.13
7,478.09,469.43
8,472.92,472.1
9,474.67,470.96
10,467.68,470.87
11,474.51,471.85
12,473.01,470.43
13,474.78,472.69
14,473.8,471.37
15,471.23,470.21
16,469.5,466.9
17,474.65,452.14
18,477.63,453.12
19,481.64,453.42
20,487.59,455.65
21,487.86,455.06
22,485.22,450.27
23,487.22,451.39
24,489.25,442.64
25,481.46,445.44
26,481.89,442.98
27,482,444.17
28,486.7,441.57
29,487.11,443.62
30,485.47,440.02
31,479.57,442.32
32,481.5,442.92
33,476.77,440.36
34,475.6,441.46
35,473.87,439.16
36,471.32,442.62
37,471.37,440.59
38,464.51,441.55
39,465.63,441.39
40,465.56,441.94
41,463.1,446.92
18,0,0
2,30.911,54.806
3,33.121,60.114
4,34.077,62.483
5,32.825,61.754
6,24.897,60.797
7,18.656,64.009
8,18.041,61.891
9,16.606,57.768
10,17.517,60.273
11,15.444,58.998
12,15.308,57.335
13,13.759,57.267
14,13.85,56.811
15,11.936,50.41
16,11.754,52.346
17,13.349,48.77
18,10.387,48.405
19,3.3257,43.554
19,0,0
2,46.811,254.9
3,39.021,225.51
4,37.426,216.1
5,38.178,206.95
6,41.458,206.74
7,43.622,206.22
8,46.105,204.76
9,46.538,205.35
10,47.836,204.81
11,46.538,207.24
12,70.342,201.73
13,69.021,202.41
20,0,0
2,90.569,206.06
3,87.654,161.91
4,74.92,150.8
5,64.715,144.17
6,61.412,146.04
7,58.269,153.85
21,0,0
2,512.03,109.16
3,504.58,95.444
4,503.62,80.319
5,502.73,70.091
6,498.13,64.715
7,498.5,62.825
8,512.03,66.674
9,507.93,72.323
10,512.03,73.166
11,503.78,82.141
12,501.96,79.18
13,512.03,81.686
14,512.03,83.075
15,512.03,82.779
16,512.03,84.419
17,512.03,84.237
18,512.03,89.339
19,512.03,88.747
22,0,0
3,497.74,414.49
4,495.06,377.4
5,492.37,369.07
6,489.64,369.2
7,489.11,369.61
8,488.68,368.59
9,489.13,367.97
10,498.36,362.92
11,494.24,362.16
12,496.1,365.95
13,500.91,374.17
14,504.78,377.31
15,503.92,388.25
16,512.03,394.35
17,512.03,397.56
18,512.03,401.57
19,512.03,405.99
20,512.03,410.91
23,0,0
4,7.7904,192.05
5,0.50114,193.46
6,0.50114,195.74
24,0,0
4,166.31,39.841
5,171.18,36.241
6,169.86,39.476
7,167.4,38.747
8,164.53,37.175
9,162.07,37.699
10,161.57,37.494
11,158.86,37.54
12,154.44,35.718
13,152.32,35.991
14,148.79,36.401
15,146.51,34.305
16,143.83,37.175
17,140.89,36.492
18,135.58,35.125
19,133.03,33.554
20,131.5,37.016
21,133.37,39.271
22,130.8,40.114
23,129.09,40.478
24,130.34,46.697
25,127.79,47.631
26,124.62,47.608
27,123.9,50.866
28,115.9,54.032
25,0,0
5,108.5,300.71
6,107.93,298.79
7,109.66,293.3
8,116.79,298.45
9,114.19,294.92
10,115.35,294.81
11,113.58,295.69
12,110.55,295.49
13,109.04,295.81
14,115.65,305.51
15,114.33,305.08
16,116.7,308.59
17,116.9,309.82
18,117.38,308.45
19,117.61,315.72
20,123.39,312.51
21,122.53,320.68
26,0,0
5,223.01,447.43
6,223.1,421.98
7,225.79,424.05
8,216.63,434.19
9,216.9,428
10,216.77,428.06
11,215.17,429.68
12,209.5,428.86
13,206.74,427.81
14,205.58,427.74
15,205.76,427.38
16,203.67,425.24
17,201.44,419.27
18,202,417.9
19,203.42,413.58
20,211.07,411
21,213.51,409.36
22,214.72,406.06
23,217.79,406.86
24,222.64,407.74
25,225.95,406.77
26,231.53,400.96
27,232.57,401.37
28,238.97,398.02
29,237.47,398.7
30,246.33,395.95
31,244.97,392.73
32,247.08,392.12
33,250.5,391.8
34,256.92,391.21
35,258.2,388.09
36,256.29,383.96
37,256.9,381.85
38,258.06,376.95
39,258.79,372.64
40,256.77,369.84
41,259.84,367.65
42,254.85,366.72
43,254.6,364.05
44,245.56,363.74
45,246.24,360.68
46,243.71,358.43
47,242.69,352.96
48,243.53,350.87
49,249.75,348.15
50,252.82,345.17
51,256.9,342.37
52,257.63,348.41
53,261.59,346.08
54,267.2,345.33
55,271.16,347.65
56,271.59,350.8
57,272.35,349.64
58,276.1,347.54
27,0,0
6,0.50114,268.22
7,0.50114,268.63
8,0.50114,268.68
9,0.50114,277.11
10,5.1481,278.63
11,7.2665,283.1
12,9.0661,283.94
13,7.0159,284.19
14,12.255,288.52
15,11.435,288.5
16,10.911,290.82
17,15.513,296.77
18,16.333,304.01
19,14.579,308.09
20,14.282,310.09
21,11.617,322.92
22,4.2141,330.75
23,0.50114,339.13
24,4.1458,349.91
25,0.50114,357.29
26,0.50114,365.74
27,0.50114,393.85
28,0.50114,405.49
29,0.50114,411
30,0.50114,404.24
31,0.50114,403.69
32,0.50114,404.69
33,0.50114,400.14
34,0.50114,399.32
28,0,0
6,290.27,437.72
7,289.02,437.95
8,277.81,449.77
9,279.64,448.43
10,278.22,447.7
11,280.16,446.1
12,279.09,447.33
13,277.79,451.23
14,275.65,452.16
15,276.08,453.14
16,275.58,453.49
17,274.56,455.19
18,274.17,457.52
19,275.69,458.29
20,274.46,458.61
21,272.71,459.36
22,276.29,456.67
23,275.88,455.65
24,264.17,465.08
25,266.33,465.83
26,267.27,470.25
27,267.86,471.57
28,266.47,473.23
29,267.59,472.85
30,263.17,483.94
31,263.92,482.55
32,264.01,482.85
33,264.74,490.73
34,269.93,494.92
35,268,494.28
36,266.88,492.92
37,265.44,490.62
38,265.9,490.91
39,266.54,490.43
40,267.43,490.09
41,266.67,489.07
42,266.24,488.63
43,266.58,490.62
44,266.67,491.18
45,267.29,490.07
46,267.04,489.23
47,266.81,488.77
48,266.58,487.77
49,267.4,488.2
50,266.61,488.22
51,266.58,488.36
52,266.81,487.74
53,266.99,487.54
54,267.7,488.93
55,266.97,487.63
56,266.7,485.74
57,267.29,485.35
58,267.22,485.81
29,0,0
7,70.433,144.65
8,61.526,144.72
9,63.075,148.91
10,58.314,151.66
11,62.46,153.67
12,64.442,151.05
13,64.533,147.95
14,64.806,153.87
15,65.672,156.99
16,65.923,161.53
17,62.528,162.51
18,63.827,162.6
19,69.021,165.88
20,68.041,173.26
21,66.241,173.62
22,63.121,181.62
23,63.736,185.54
24,64.419,185.51
25,62.87,187.24
26,62.756,186.08
27,57.244,194.99
28,58.064,197.47
29,55.923,201.64
30,63.85,196.74
31,66.105,191.59
32,73.827,190.34
33,70.41,188.66
34,73.485,189.68
35,58.474,190.43
36,55.171,191.18
37,48.679,194.72
38,49.841,194.67
39,47.016,196.65
40,48.542,198.18
41,44.419,201.53
42,49.841,191.87
43,58.975,188.06
44,75.034,161.59
45,82.961,143.51
46,101.8,146.17
47,146.31,149.45
48,168.91,150.16
30,0,0
7,126.95,77.403
8,126.65,73.964
9,131.89,78.405
10,129.27,81.822
11,136.54,72.232
12,150.8,62.392
13,163.96,57.882
14,175.81,44.601
15,180.5,35.763
16,174.17,12.05
31,0,0
7,354.99,413.08
8,351.62,414.92
9,349.32,415.67
10,351.07,419.54
11,357.7,413.74
12,353.23,408.54
13,353.03,407.22
14,356.01,406.56
15,356.58,403.05
16,361.98,400.89
17,363.03,407.11
18,350.18,400.68
19,356.58,402.71
20,355.81,402.85
21,351.71,403.76
22,351.98,402.51
23,350.68,402.92
24,349.7,405.4
25,348.66,405.42
26,348,406.72
27,344.87,405.83
28,342,402.37
29,341.5,400.09
30,339.89,398.61
31,338.36,394.99
32,337.86,395.83
33,338.63,394.51
34,336.83,391.16
35,334.35,390.5
36,332.85,390.89
37,329.09,393.94
38,331.28,391.85
39,324.24,392.32
40,325.24,391.85
41,325.22,390.48
42,323.76,386.95
43,320.82,386.54
44,321.82,386.01
45,322.46,381.03
46,318.29,380.3
47,317.33,378.29
48,312.14,380.59
49,314.33,378.02
50,310.71,374.51
51,311.28,376.79
52,306.42,375.76
53,305.33,379.07
54,304.37,378.54
55,299.59,384.17
56,298.11,384.74
57,291.64,385.83
58,288.72,387.52
32,0,0
8,66.15,318.06
9,80.046,315.85
10,82.733,315.31
11,91.458,322.64
12,94.396,323.83
13,95.262,328.13
14,92.802,331.8
15,98.178,340.07
16,102.16,349.34
17,111,353.44
18,115.44,351.98
19,117.61,354.1
20,123.99,353.58
21,142.1,358.72
22,154.17,353.69
23,164.26,343.01
24,165.97,338.75
25,161,324.9
26,157.86,313.94
27,150.21,304.81
28,146.67,297.06
29,143.94,286.99
30,142.19,279.66
31,134.15,263.74
32,122.8,247.36
33,122.82,199.18
34,134.81,182
35,134.35,160.93
33,0,0
8,89.681,213.17
9,83.781,210.73
10,72.506,203.96
34,0,0
8,123.33,159.68
9,119.45,161.48
10,121.16,166.88
11,123.14,169.41
12,116.77,177.31
13,114.44,177.7
14,114.83,178.41
15,114.46,177.65
16,113.14,176.81
17,112.62,176.65
35,0,0
8,244.15,62.665
9,245.63,62.506
10,237.68,67.221
11,241.12,62.87
12,242.26,62.551
13,248.02,60.547
14,255.22,58.223
15,259.68,60.638
16,262.16,58.77
17,266.67,61.549
18,269.7,54.989
19,268.95,54.146
20,273.94,49.203
21,274.12,42.665
22,276.79,44.601
23,272.62,36.333
24,278.54,33.622
25,281.44,33.713
26,278.38,27.198
27,286.81,27.813
28,284.83,24.579
29,289.77,23.69
30,294.87,28.155
31,299.73,25.581
32,304.26,22.437
33,308.36,22.916
34,311.48,22.392
35,312.44,23.554
36,314.97,23.075
37,319.09,19.362
38,319.77,25.809
39,318.09,40.706
40,321.32,49.248
41,318.72,51.982
42,318.66,54.761
43,313.33,58.041
44,309.16,57.631
45,307.31,61.39
46,303.26,61.139
47,297.81,57.449
48,293.3,56.014
49,290.5,58.884
50,287.4,59.271
51,283.55,60.41
52,275.69,58.565
53,271.14,53.508
54,266.97,55.49
55,263.17,58.428
56,258.56,59.681
57,255.24,61.185
58,255.9,66.446
36,0,0
8,269.79,203.58
9,265.17,200.43
10,260.62,202.85
11,259.09,206.22
12,259.11,208.41
13,262.69,215.08
14,267.68,218.11
15,270.66,214.62
16,275.19,215.74
17,279.7,213.23
18,279.27,213.39
19,279.68,216.81
20,284.51,220.93
21,285.42,225.67
22,285.08,231.44
23,283.78,238.2
24,279.41,239.04
25,277.06,239.73
26,278.72,247.27
27,278.86,253.85
28,275.81,255.97
29,277.11,266.72
30,276.81,268.2
31,278.77,274.83
32,276.88,290.84
33,269.82,303.85
34,270.48,303.64
35,270.36,307.63
36,271.37,309.95
37,270.73,317.59
38,265.24,323.49
39,257.95,327.93
40,254.01,332.57
41,246.04,338.11
42,244.37,345.44
43,242.92,342.82
44,236.49,342.07
45,239.73,340.05
46,237.56,342.12
47,242.57,341.82
48,229.7,339.16
49,226.2,341.78
50,222.87,352.64
51,220.75,358.82
52,217.49,363.12
53,210.59,366.54
54,205.31,368.38
55,202.78,371.09
56,196.26,375.69
57,188.41,384.1
58,188.04,391.05
37,0,0
8,415.81,328.66
9,420.39,332.28
10,420.11,330.68
11,419.5,330.93
12,419.66,327.63
13,421.23,326.72
14,423.69,328.11
15,422.96,329.59
16,419.02,334.49
17,418.72,336.04
18,419.98,340.14
19,421.87,341.98
20,421.09,347.9
21,423.9,352.21
22,427.13,353.99
23,429.16,359.11
24,427.84,361.14
25,422.89,364.78
26,421.53,367.95
27,415.92,367.27
28,413.03,364.67
29,413.08,363.92
30,414.46,374.37
31,420.11,378.13
32,422.73,383.46
33,422.67,387.04
34,420.41,389.89
35,423.14,397.31
36,424.78,400.21
37,429.2,408.2
38,426.74,416.42
39,426.97,420.3
40,427.95,425.9
41,426.61,433.6
42,426.17,444.51
43,420,445.35
44,417.56,441.75
45,414.35,441.73
46,410.52,440.68
47,405.38,442.62
48,407.54,446.51
49,404.58,446.13
50,405.44,457.95
51,406.22,468.5
52,402.67,475.56
53,399.93,472.12
54,401.48,474.42
55,403.14,481.98
56,403.12,490.71
57,401.18,495.81
58,399.36,499.36
38,0,0
9,70.797,235.69
10,78.679,232.21
11,75.262,235.85
12,72.187,236.38
13,70.706,242.32
14,69.544,242.16
15,64.806,245.22
16,69.408,242.35
17,67.608,248.7
18,69.681,256.47
19,68.565,263.33
20,66.264,267.22
21,64.26,274.94
22,65.513,282.28
23,62.301,286.74
24,63.895,279.73
25,65.308,278.43
26,67.13,279.57
27,67.38,281.16
28,67.039,282.57
29,67.016,283.87
30,68.497,286.86
31,71.526,291.64
32,70.273,290.8
33,73.03,294.44
34,69.544,298.63
35,73.895,300.41
36,74.966,301.46
37,72.073,310.52
38,69.886,312.94
39,70.182,316.67
40,67.062,315.88
41,63.531,316.29
42,61.435,316.92
43,56.606,316.42
44,58.246,315.19
45,53.622,317.2
46,48.155,321.44
47,47.153,322.05
48,45.285,324.58
49,44.806,328.13
50,41.595,327.11
51,38.656,328.82
52,35.49,325.26
53,32.825,326.9
54,33.759,324.35
55,32.21,320.71
56,30.934,318.95
57,30.137,310.48
58,33.759,310.62
39,0,0
9,351.98,20.82
10,360.68,23.986
11,366.24,24.442
12,366.54,28.975
13,369.66,24.009
14,368.97,21.435
15,369.77,20.433
16,373.62,20.091
17,376.04,20.41
18,376.06,20.433
19,378.66,22.802
20,380.82,18.861
21,384.74,19.226
22,384.31,21.39
23,384.58,15.103
24,384.4,22.437
25,385.69,24.897
26,389.89,27.13
27,390.43,28.929
40,0,0
9,512.03,503.71
10,512.03,501.55
11,512.03,500.16
41,0,0
11,62.665,17.494
12,77.836,21.071
13,77.062,25.74
14,85.33,36.241
15,88.793,24.396
16,87.517,25.011
17,88.656,26.856
18,87.062,25.809
19,86.515,31.162
20,86.697,28.36
21,92.916,20.524
22,97.039,24.282
23,97.813,30.228
24,102.64,32.597
25,103.28,35.558
26,98.975,34.989
27,96.31,41.572
28,99.954,47.289
29,106.99,55.831
30,104.69,54.852
31,100.8,42.642
32,102.51,40.251
33,105.44,37.859
34,110.18,34.852
35,106.01,32.938
36,111.8,28.702
37,111.75,26.583
38,114.94,22.802
39,115.49,20.683
40,118.77,20.273
41,116.65,13.895
42,119.98,10.205
43,115.88,11.207
44,111.8,7.4487
45,115.26,2.6879
46,110.75,2.3462
42,0,0
11,442.23,452.8
12,453.83,453.03
13,455.85,458.2
14,448.59,461.3
15,448.95,459.38
16,446.56,471.87
17,444.58,471.71
18,447.33,477.11
19,446.97,479.2
20,445.85,477.74
21,450.77,485.63
22,455.9,495.26
23,462.62,512.03
43,0,0
11,459.41,13.554
12,454.01,5.5581
13,462.73,0.50114
44,0,0
12,268.45,107.81
13,268.22,111.07
14,262.94,116.04
15,257.61,131.3
16,253.05,134.33
17,253.23,133.17
18,252.14,132.32
19,251.75,131.75
20,251.37,130.71
21,250.64,127.84
22,247.74,122.64
45,0,0
12,309.25,206.13
13,322.44,205.19
14,314.72,209.11
15,311.39,207.02
16,314.15,206.9
17,313.03,207.74
18,311.94,205.08
19,313.23,209.13
20,311.64,204.69
46,0,0
12,479.16,17.153
13,489.02,19.408
14,491.18,20.706
15,489.98,21.526
16,489.38,22.278
17,489.52,20.911
18,490.52,21.435
19,490.3,20.592
20,491.12,21.048
21,490.91,20
22,491.87,20.296
23,490.09,21.708
24,491.12,21.093
25,491.34,21.139
26,491.09,21.253
27,490.93,20.342
28,491.18,21.048
29,490.3,21.412
30,488.47,22.506
31,489.73,21.093
32,489.7,21.959
33,490.73,21.002
34,490.5,21.39
35,491.12,20.456
36,488.04,20.706
37,488.18,20.82
38,490.73,19.772
39,487.68,20.228
40,488.29,20.82
41,489.64,20.82
42,489.41,20.547
43,489.04,20.456
44,489.02,20.82
45,491,21.048
46,489.11,20.706
47,490.27,21.139
48,489.13,20.661
49,489.59,21.595
50,486.9,19.727
51,487.43,19.658
52,487.18,19.203
53,490.07,20.387
54,488.91,19.613
55,489.11,21.23
56,487.15,22.369
57,486.56,21.822
58,487.47,22.597
47,0,0
13,129.89,500.71
14,127.18,488.2
15,134.74,482.82
16,140.55,484.01
17,147.4,486.17
18,156.17,486.4
19,161.25,490.43
20,166.31,493.96
21,185.79,496.01
22,187.81,496.95
23,204.72,498.02
24,214.87,493.42
25,240.64,496.04
26,242.71,496.51
27,250.52,500.8
28,258,512.03
48,0,0
13,254.19,198.61
14,257.59,198.2
15,253.78,202.05
16,256.42,206.06
17,258.02,202.64
18,258,203.71
19,258.2,201.57
20,256.13,199.29
49,0,0
13,335.6,487.2
14,324.26,482.67
15,321.12,481.75
16,318.36,483.6
17,317.29,484.9
18,315.58,494.37
19,311.46,489.79
20,310.46,489.29
21,310.75,486.15
22,312.37,489.98
23,310.21,490.07
24,311.46,493.23
25,312.07,494.92
26,309.36,495.13
27,310,496.97
28,311.03,496.83
29,308.86,498.63
30,308.88,502.39
31,309.04,512.03
32,309.64,512.03
33,314.67,512.03
34,308.75,512.03
35,311.62,512.03
36,307.59,512.03
37,311.96,512.03
38,310.66,512.03
39,313.46,512.03
40,313.83,512.03
41,321.73,512.03
42,325.01,512.03
43,327.31,512.03
44,327.65,512.03
45,331.28,512.03
46,325.33,510.32
47,327.36,505.99
48,332.3,512.03
49,330.82,509.02
50,332.8,508.52
51,333.39,507.61
52,335.67,508.5
53,337.93,510.75
54,342.3,512.03
55,338.84,512.03
56,339.34,512.03
57,339.57,512.03
58,340.3,512.03
50,0,0
14,337.72,486.4
15,339.09,479.86
16,341.71,476.51
17,335.22,468.91
18,331.78,469.45
19,334.05,466.54
20,326.56,458.66
21,324.49,457.13
22,322.53,455.6
23,319.02,453.23
24,320.32,447.43
25,318.59,445.99
26,318.38,443.64
27,319.7,442.16
28,320.07,440.41
29,318.88,440.34
30,318.93,439.93
31,320.25,439.59
32,320.32,438.61
33,322.05,436.67
34,320.66,436.33
35,320.5,435.08
36,320.96,434.51
37,320.66,434.35
38,320.71,434.21
39,321.37,433.83
40,320.62,432.03
41,320.77,432.6
42,321.37,431.69
43,321.87,432.35
44,323.94,433.58
45,323.74,433.44
46,324.26,432.73
47,324.21,426.33
48,323.55,425.19
49,323.1,426.49
50,323.44,428.66
51,323.28,430.3
52,315.79,460.02
51,0,0
16,50.478,199.7
17,50.752,198.11
18,50.023,199.98
19,50.547,207.72
20,51.412,222.57
21,54.214,224.74
22,49.841,224.58
23,43.28,228.45
24,37.426,233.51
25,35.353,243.55
26,38.451,246.9
27,41.344,253.44
28,39.795,263.9
29,41.093,268.06
30,42.756,263.96
31,44.009,274.19
32,43.257,282.64
33,44.465,283.9
34,52.05,280.55
35,59.636,281.5
36,60.364,283.42
37,61.185,285.44
38,60.911,284.9
39,60.843,285.51
40,62.87,286.36
41,71.025,278
42,80.592,275.08
43,84.123,275.24
44,88.724,267.29
45,87.813,263.3
46,94.738,264.62
47,101.03,264.03
48,100.18,261
49,98.337,261.23
50,98.565,259.09
51,97.403,261.48
52,97.062,261.91
53,96.629,264.62
54,96.765,272.89
55,98.61,279.79
56,96.629,287.31
57,87.631,285.72
58,81.139,285.13
52,0,0
16,383.49,465.6
17,382.69,471.87
18,380.21,480.09
19,388.29,466.06
20,389.29,471.07
21,388.45,471.3
22,386.36,468.11
23,384.94,465.97
24,388.95,473.23
25,390.98,476.7
26,385.35,462.57
27,386.31,463.01
28,386.47,466.17
29,384.94,466.74
30,385.42,467.31
31,385.33,465.72
32,384.28,465.44
33,383.64,464.24
34,382.16,465.13
35,379.45,461.8
36,379.77,462.19
37,378.91,460.16
38,376.79,458.41
39,378.15,459.02
40,376.38,457.9
41,374.94,457.59
42,372.8,456.63
43,372.35,456.08
44,370.77,457.54
45,368.77,459.29
46,367.97,460.02
47,365.17,458.63
48,362.98,461.23
49,362.73,459.82
50,362.78,461.98
51,363.37,460.36
52,362.41,462.21
53,361.62,461.66
54,360.87,461.71
55,361.12,460.91
56,358.15,462.78
57,358.61,461.39
58,358.61,464.05
53,0,0
16,421.28,363.69
17,425.33,373.74
18,435.38,378.31
19,457.13,391.07
20,462.39,416.99
21,451.94,442.87
22,445.9,471.94
54,0,0
16,486.86,178.02
17,486.06,158.95
18,486.08,128.79
19,512.03,122.67
55,0,0
16,512.03,253.78
17,512.03,260.75
56,0,0
17,53.645,390.77
18,56.31,395.72
19,61.617,402.48
20,62.825,401.28
21,68.178,405.67
22,66.856,412.21
23,67.927,420.75
24,68.132,421.32
25,67.699,420.71
26,67.494,425.76
27,63.417,432.71
28,66.264,442
29,75.467,447.13
30,80.137,451.34
31,79.431,452.12
32,82.756,452.98
33,86.856,455.85
34,88.223,456.45
35,90.296,458.38
36,94.191,457.95
37,104.49,457.47
38,104.72,456.74
39,105.58,457.68
40,111.98,457.31
41,117.43,460.02
42,137.43,443.46
43,137.61,444.53
44,133.05,441.07
45,131.57,429.32
46,144.92,427.31
47,158.25,426.2
48,159.02,429.95
49,157.79,440.07
50,169.48,452.6
51,174.46,465.81
52,187.86,470.14
53,195.08,480.87
54,194.74,488.22
55,196.54,495.67
56,198.31,498.41
57,197.04,502.26
58,174.1,503.74
57,0,0
17,188.54,259.27
18,193.3,260.68
19,193.08,264.94
20,194.83,265.69
21,197.54,267.56
22,198.86,270.8
23,200.25,273.23
24,199.04,272.6
25,197.95,276.74
26,195.99,280.82
27,206.31,287.7
28,210.32,292.48
29,212.69,293.78
30,213.64,295.35
31,213.49,295.44
32,217.13,297.02
33,226.9,301.12
34,226.24,301.71
35,230.5,306.54
36,231.82,307.36
37,230.52,307.13
38,234.05,309
39,233.85,310.73
40,233.51,314.9
41,234.99,318.45
42,235.69,317.47
43,236.72,318.25
44,236.08,318.93
45,239.32,319.73
46,240.77,323.21
47,241.59,324.56
58,0,0
17,192.51,355.92
18,211.55,356.86
19,211.94,359.13
20,205.08,365.1
21,201.53,369.18
22,195.79,367.88
23,196.88,370.21
24,196.67,370.77
25,197.7,373.3
26,194.9,371.66
27,189.73,374.67
28,191.69,379.7
29,188.41,383.05
30,195.38,388.63
31,196.47,390.25
32,196.67,396.81
33,196.99,404.44
34,194.6,411.96
35,193.92,412.23
36,194.51,411.87
37,195.1,411.78
38,193.55,410.91
39,192.85,412.35
40,193.49,412.98
41,193.74,410.8
42,193.62,413.08
43,194.46,413.14
44,194.58,412.8
45,193.62,410.5
46,193.12,410.14
47,192.94,410.68
48,193.67,410.23
49,193.05,410.91
50,194.62,412.16
51,193.49,411.82
52,193.19,411.75
53,195.74,410.32
54,194.37,411.32
55,194.37,410.77
56,193.26,412.32
57,193.42,411.87
58,193.78,412.89
59,0,0
18,30.228,112.69
19,41.116,111.73
20,40.615,110.8
21,35.535,118.91
22,44.715,118.72
23,62.301,122.62
24,70.592,129.98
25,66.446,132.19
26,64.51,139.84
27,62.05,142
28,65.239,143.9
29,45.763,141.05
30,35.011,128.97
60,0,0
18,144.74,12.87
19,164.76,16.993
20,168.11,0.50114
21,163.14,8.7016
22,165.31,8.4055
23,164.65,7.8132
24,163.83,10.911
25,162.1,0.50114
26,161.34,2.6424
27,165.03,0.50114
61,0,0
18,163.28,231.25
19,165.24,232.64
20,166.92,236.79
21,165.24,238.38
22,172.12,245.1
23,173.03,237.22
24,179.2,237.22
25,179.84,238.52
26,177.97,240.14
27,179.79,244.56
28,178.13,245.76
29,179.16,248.41
30,178.2,251.75
31,176.01,252.26
32,177.54,256.22
33,177.27,255.92
34,177.9,258.06
35,180.89,261.25
36,179.84,262.82
37,179.68,269.95
38,183.01,267.72
39,181.07,268
40,180.18,269.82
41,176.86,273.12
42,172.78,271.8
43,171.82,274.83
44,172.46,277.24
45,167.02,278.91
46,169.73,280.36
47,168.41,281.96
48,163.58,281.48
49,166.83,284.49
50,170.18,293.17
51,168.66,289.66
52,168.84,292.55
53,168.54,296.49
54,166.15,298.75
55,169.11,299.79
56,169.38,301.85
57,171.07,304.37
58,172.32,305.81
62,0,0
19,381.03,0.50114
20,382.19,0.50114
21,377.74,0.50114
22,373.69,0.50114
23,375.03,4.738
24,371.05,6.0364
25,394.51,0.50114
26,396.47,0.50114
27,400.68,0.50114
28,400.11,8.4055
29,403.05,12.164
30,405.26,14.784
31,401.39,22.096
32,409.23,27.722
33,407.43,35.649
34,415.63,33.781
35,413.14,34.237
36,418.86,42.392
37,419.2,52.62
38,419.77,45.148
39,423.1,50.433
40,423.3,49.453
41,421.48,47.768
42,423.67,48.793
43,429.09,52.392
44,423.42,47.608
45,431.66,53.645
46,434.03,55.262
47,438.54,57.768
48,440.3,56.401
49,435.54,54.487
50,438.45,55.718
51,442.92,59.795
52,448.06,66.515
53,448.82,66.219
54,455.42,69.271
55,454.97,70.342
56,461.94,72.551
57,469.79,73.485
58,467.06,71.822
63,0,0
19,471.59,473.9
20,465.24,465.81
21,469.82,471.71
22,460.68,467.2
23,462.05,468.54
24,463.1,466.79
25,461.41,462.16
26,459.93,467.22
27,459.68,464.72
28,459.5,463.76
29,454.92,463.14
30,457.88,461.57
31,456.13,459
32,453.01,459.41
33,454.03,462.07
34,455.22,456.4
35,453.69,453.78
36,450.8,453.96
64,0,0
20,80.296,293.39
21,90.433,296.47
22,88.952,298.06
23,88.702,310.46
24,91.412,316.17
25,88.246,329.41
26,92.688,339.29
27,80.979,342.16
28,79.658,342.8
29,80.706,341.25
30,80.296,348.27
31,73.326,349.29
32,60.023,362.26
33,54.875,372.37
34,51.731,383.53
35,46.993,390.39
36,45.809,405.72
37,44.556,413.19
38,42.574,428.95
39,35.626,440.14
40,34.077,452.23
41,31.093,460.46
42,28.952,475.54
43,26.355,486.54
44,25.057,492.26
45,27.13,508.47
46,15.672,512.03
65,0,0
20,135.81,94.601
21,137.36,96.56
22,138.25,111.25
23,154.83,113.26
24,161.62,116.99
25,174.26,122.39
26,193.96,128.13
27,211.3,128.56
28,222.35,123.53
66,0,0
21,98.314,171.14
22,94.67,175.06
23,89.043,171.78
24,91.549,174.4
25,89.954,161.3
26,92.415,164.35
27,94.601,163.28
28,96.925,158.54
29,92.756,158.72
30,93.69,160.89
31,92.825,158.45
32,93.121,162.85
33,89.431,170.39
34,87.836,168.63
35,86.378,173.55
36,86.72,179.32
37,83.098,187.86
38,83.144,198.61
39,84.556,201.34
40,81.754,203.78
41,81.435,210
42,83.485,213.23
43,85.376,223.05
44,81.686,230.75
45,72.005,235.19
46,66.082,241.55
47,60.137,247.2
48,53.69,257.77
49,50.251,265.58
50,40.638,273.51
51,31.891,281.18
52,22.87,282.82
53,13.257,290.3
54,6.9932,296.42
55,0.50114,315.58
67,0,0
21,397.65,234.51
22,399.23,239.25
23,398.88,241.94
24,402.6,252.28
25,402.1,260.39
26,406.63,268.11
27,402.05,276.7
28,403.1,282.76
29,402.55,291.21
30,403.23,299.82
31,403.99,307.63
32,399.5,313.26
33,406.56,314.19
34,409.5,312.89
35,409,308.82
36,404.99,306.13
37,402.55,302.69
38,403.49,300.71
39,407.56,297.52
40,412.48,297.79
41,416.15,296.61
42,416.77,296.72
43,414.85,296.58
44,414.05,294.17
45,407.79,293.71
46,416.49,286.63
47,415.22,283.78
48,419.23,280.18
49,421,276.77
50,426.88,280.25
51,428.38,279.93
52,428.68,276.26
53,426.56,265.69
54,428.82,264.65
55,435.54,261.05
56,430.34,256.61
57,430.91,257.68
58,434.24,253.67
68,0,0
22,333.74,16.538
23,340.73,10.683
24,345.9,16.469
25,350.14,23.28
26,357.81,31.298
27,381.09,40.091
28,371.53,34.943
69,0,0
22,463.76,35.33
23,463.62,38.383
24,459.84,49.544
70,0,0
24,331.5,144.94
25,333.58,163.51
26,343.8,177.81
27,348.04,194.42
28,352.96,198.79
29,352.07,199.57
71,0,0
24,512.03,87.153
25,512.03,84.829
26,512.03,84.51
27,512.03,84.465
28,503.53,76.606
29,504.99,73.485
30,502.82,73.44
31,499.68,69.339
32,512.03,67.54
33,510.82,63.485
34,512.03,56.264
35,512.03,55.194
36,512.03,57.244
37,512.03,50.979
38,512.03,53.872
39,512.03,52.005
72,0,0
24,512.03,242.51
25,512.03,251.64
26,512.03,263.37
27,498.66,275.03
28,495.35,284.49
29,496.81,296.31
30,498.56,305.81
31,497.74,309.25
32,501.05,310.87
33,500.36,305.83
34,504.76,310.02
35,491.91,311.94
36,506.36,301.25
37,487.45,300.21
38,491.23,287.18
39,499.36,290.62
40,500.05,289.13
41,501.07,278.63
42,499.16,268.91
43,497.86,268.43
44,497.54,263.96
45,495.56,263.39
46,492.64,263.1
47,490.3,261.85
48,493.64,243.1
49,492.44,237.38
73,0,0
25,21.845,499.54
26,29.863,499.32
27,30.82,496.42
28,33.257,498.06
29,35.399,494.28
30,37.312,494.78
31,37.745,491.62
32,39.408,491.91
33,41.344,490.89
34,41.686,488.84
35,45.581,490.71
36,49.043,491.05
37,52.255,493.39
38,54.806,492.78
39,55.923,495.97
40,60.364,499.95
41,64.533,499.61
42,67.813,498.7
43,72.323,497.45
44,75.558,498.63
45,81.162,501.14
46,84.351,503.51
47,88.861,501.37
48,91.64,504.17
49,94.1,499.86
50,96.31,497.06
51,102.57,495.72
52,106.08,494.28
53,111.57,494.03
54,115.13,497.08
55,120.36,498.52
56,123.14,499.73
57,127.02,498.47
58,130.8,502.64
74,0,0
25,178.95,0.50114
26,183.64,12.574
27,185.54,19.932
28,184.05,24.351
29,180.27,29.431
30,175.54,34.123
31,179.07,15.353
75,0,0
25,251.66,199.13
26,251.69,198.79
76,0,0
25,512.03,293.39
26,512.03,292.07
27,512.03,299.07
28,504.4,306.29
29,504.81,314.78
30,507.33,322.46
31,502.94,326.61
32,487.81,323.64
33,483.01,323.17
34,484.15,327.2
35,484.94,335.35
36,489.95,337.93
37,488.52,343.39
38,490.62,354.69
39,492.73,356.47
40,494.31,357.52
41,495.4,361.82
42,492.41,364.28
43,491.96,365.24
44,492.57,365.35
45,492.82,366.47
46,490.11,366.36
47,492.19,366.29
48,493.62,364.85
49,490.84,366.95
50,490.64,367.29
51,488,366.2
52,489.84,367.02
53,487.52,365.51
54,486.77,365.56
55,486.97,365.58
56,485.85,364.4
57,489.29,366.36
58,486.67,365.56
77,0,0
26,316.24,203.1
27,315.1,205.15
78,0,0
27,6.8337,39.818
28,76.287,40.706
29,92.369,49.294
30,86.834,58.633
31,80.091,67.062
32,85.558,71.822
33,81.595,71.321
34,87.79,64.692
35,81.139,59.954
36,83.394,57.563
37,82.916,58.702
38,85.626,58.474
39,89.089,58.314
40,89.385,51.731
41,91.048,48.679
42,92.642,50.41
43,97.175,48.2
44,97.813,45.968
45,95.057,43.052
46,102.62,42.096
47,98.451,40.82
48,98.451,40.387
49,94.26,34.966
50,95.968,34.829
51,96.879,33.781
52,94.51,24.875
53,92.369,24.237
54,93.007,22.118
55,89.567,20.41
56,86.014,20.342
57,88.815,14.989
58,80.866,17.585
79,0,0
27,249.13,96.629
28,242.35,95.877
29,238,98.519
30,235.51,99.932
80,0,0
27,512.03,318.88
28,512.03,324.35
29,512.03,335.97
30,512.03,345.01
31,512.03,345.72
32,497.2,340.34
33,498.5,340
34,497.68,348.18
35,496.13,355.76
36,494.15,366.42
37,487.79,370.82
38,483.44,375.49
39,481.21,381.87
40,478.61,387.2
41,473.55,395.01
42,467.49,400.18
43,463.8,404.31
44,459.84,411.09
45,456.63,424.92
46,451.78,432.12
47,448.54,432.82
48,447.95,431.12
49,438.02,428.54
50,435.44,431.48
51,439.52,428.02
52,438.25,427.65
53,433.03,426.51
54,432.89,430.68
55,434.03,426.9
56,433.78,427.43
57,436.24,425.65
58,439.48,430.43
81,0,0
28,288.09,324.72
29,290.52,325.65
30,288.7,323.35
82,0,0
28,354.28,0.50114
29,359.48,9.795
30,356.74,12.369
31,376.79,13.303
32,376.7,13.144
33,377.29,12.027
34,376.63,12.096
35,376.63,11.822
36,376.99,10.683
37,376.83,9.4761
38,378.75,7.9499
39,376.92,3.0068
40,375.4,0.50114
41,375.95,4.5103
42,378.38,0.50114
43,379.7,0.50114
44,380.05,0.50114
45,380.57,0.50114
46,413.94,9.795
47,422.39,13.166
48,424.21,12.346
49,426.31,12.323
50,426.9,10.456
51,433.05,16.128
52,434.99,14.374
53,437.9,14.784
54,440.55,11.253
55,443.64,9.4533
56,445.81,9.2027
57,446.08,10.547
58,448.97,10.774
83,0,0
29,467.95,78.018
30,470.8,90.387
31,474.69,95.831
32,471.82,105.54
84,0,0
31,125.42,0.50114
32,121.5,11.23
33,120.36,17.426
34,115.17,31.276
35,114.65,34.829
36,115.88,40.228
37,121.07,44.738
38,116.04,54.123
39,112.96,65.308
40,112.26,75.308
41,108.15,83.326
42,118.34,81.435
43,123.64,71.731
44,142.98,59.818
45,164.28,58.292
46,185.76,63.554
47,207.15,80.296
48,225.85,96.811
49,221.09,146.58
50,207.29,162.3
51,200.77,176.92
52,181.37,177.49
53,176.38,183.3
54,176.92,201.5
55,187.84,220.23
56,185.33,249.79
57,184.19,271.62
58,189.98,292.67
85,0,0
31,512.03,91.936
32,512.03,87.38
33,512.03,89.567
34,510.89,86.219
35,503.19,80.068
36,499.09,71.686
37,500.59,71.207
38,497.74,67.449
39,498.13,66.128
40,492.26,66.219
41,488.18,65.376
42,485.33,65.171
43,482.8,65.9
44,476.49,67.244
45,471.91,70.319
46,469.02,75.148
47,464.37,77.426
48,461.12,78.998
49,462.28,85.558
50,463.26,91.139
51,462.3,96.241
52,464.28,101.5
53,463.64,106.04
54,462.89,109.36
55,463.01,112.89
56,459.04,116.79
57,458.79,122.35
58,455.95,125.4
86,0,0
32,298.61,90.615
33,321.39,90.82
87,0,0
32,492.16,182.73
33,463.3,201.96
34,440.52,205.26
35,425.56,185.35
88,0,0
33,102.53,337.49
34,104.94,344.51
89,0,0
33,388.61,32.551
34,387.86,35.33
35,394.12,36.31
36,393.96,38.405
37,394.9,39.749
38,397.72,38.747
39,401.41,35.877
40,407.15,35.171
41,408.68,33.349
42,404.19,37.084
43,410.52,33.235
44,410.48,30.866
45,409.66,29.089
46,410.5,26.902
47,412.28,24.989
48,414.97,25.74
49,412.87,19.499
50,416.81,18.109
51,420.98,18.337
90,0,0
34,65.148,77.426
35,64.784,92.688
36,69.841,92.437
37,70.797,97.973
38,70.957,99.499
39,70.979,99.271
40,66.97,98.588
91,0,0
36,295.63,322.12
37,295.06,318.61
38,296.58,322.19
39,297.15,318.66
40,295.58,315.38
41,298.2,317.33
42,297.18,315.44
43,298.34,316.9
44,300.89,312.82
45,300.23,314.26
46,297.22,312.78
47,303.28,313.03
48,302.14,310.57
49,302.96,311.98
50,305.9,312.03
51,299.95,304.9
52,305.92,311.23
53,302.19,302.94
54,305.74,303.1
55,303.26,301.66
56,303.35,298
57,309.09,299.25
58,307.65,297.63
92,0,0
37,0.50114,496.04
38,0.50114,491.25
39,0.50114,496.06
40,0.50114,491.71
41,2.8702,494.65
42,6.4692,494.33
43,8.7472,489.41
44,10.273,493.55
45,12.597,487.36
46,15.125,485.22
47,18.565,487.68
93,0,0
37,3.2346,0.50114
38,0.50114,9.9544
39,0.50114,15.239
40,2.9157,20.569
41,0.50114,25.695
42,7.3576,30
43,14.123,34.146
44,13.781,52.278
45,13.462,61.116
46,11.002,72.62
47,9.4761,74.487
48,0.50114,86.743
49,0.50114,93.052
50,0.50114,89.544
51,15.444,92.938
52,10.82,97.13
94,0,0
37,313.14,206.22
38,318.5,204.42
39,313.99,204.97
40,314.81,204.72
41,316.79,204.35
42,313.6,207.13
43,311.94,203.94
44,312.8,205.49
45,315.31,205.81
46,316.67,207.84
47,315.26,205.72
48,315.54,206.47
49,313.51,208.34
50,315.85,207.36
51,317.9,208.38
52,314.81,204.81
53,313.99,205.35
54,315.15,205.35
55,314.97,207.38
56,313.17,208.34
57,313.23,207.04
58,312.89,208.22
95,0,0
37,432.78,122.05
38,435.74,139.59
96,0,0
37,469.61,141.62
38,464.1,148.66
39,471.59,155.42
97,0,0
38,243.35,17.79
39,246.08,19.841
40,250.09,13.235
41,252.53,16.629
42,256.22,16.56
43,257.33,16.879
44,254.92,18.2
45,256.72,21.412
46,260.82,25.718
47,259.5,23.895
48,261.23,27.175
49,261.91,27.084
50,265.13,30.182
51,267.84,29.886
52,270.73,30.82
53,269.57,30.797
54,271.96,29.704
55,274.76,28.041
56,277.06,30.82
57,278.86,32.642
58,282.64,34.465
98,0,0
38,429.68,87.267
39,376.81,49.636
40,358.06,38.018
41,346.42,21.936
42,329.86,7.1071
43,309.7,0.50114
99,0,0
38,512.03,466.79
39,502.28,479.48
40,500.89,486.42
41,496.97,498.2
42,494.72,506.24
43,488.5,512.03
44,512.03,512.03
45,512.03,512.03
46,512.03,512.03
47,512.03,512.03
48,512.03,512.03
49,512.03,512.03
50,512.03,512.03
51,512.03,512.03
52,512.03,512.03
53,512.03,512.03
54,512.03,512.03
55,512.03,512.03
100,0,0
39,290.66,379.18
40,288.38,387.52
41,291.8,380.16
42,295.6,382.94
43,296.22,383.12
44,294.92,380.87
45,297.7,384.76
46,301.55,396.79
47,300.02,396.13
48,303.83,398.63
49,310.91,401.78
50,307.18,403.39
51,310.41,406.01
52,308.97,408.04
53,311.41,412.94
54,311.53,414.24
55,310.3,417.56
56,307.36,420.93
57,309.66,422.28
58,309.73,424.58
101,0,0
41,446.29,445.24
42,448.13,446.45
43,444.01,446.2
44,436.54,443.99
45,436.81,447.72
46,433.99,450.23
47,427.04,446.13
48,428.27,448.91
49,424.83,446.95
50,421.57,441.8
51,415.51,438.93
52,416.13,432.85
53,415.06,428.13
54,415.42,428.79
55,418.97,424.24
56,418.61,419.73
57,414.17,421.71
58,412.64,419.2
102,0,0
42,33.69,215.17
43,32.346,214.17
44,27.927,215.22
45,28.155,214.31
46,28.292,215.65
47,25.991,216.26
48,25.535,215.08
49,23.781,217.11
50,24.055,218.15
51,23.235,218.41
103,0,0
42,79.658,7.4487
43,71.549,13.098
44,72.802,18.884
45,76.424,23.576
46,75.513,27.699
47,71.321,38.2
48,67.221,40.478
49,58.405,45.08
50,52.073,50.683
51,51.708,51.162
52,50.478,53.166
53,49.134,55.262
54,44.67,56.651
55,51.025,61.298
56,54.784,62.802
57,54.465,61.572
58,48.314,60.137
104,0,0
42,117.13,342.94
43,120.55,342.26
44,122.39,334.58
45,127.08,335.88
46,130.71,337.18
47,135.38,331.98
48,137.15,331.14
49,135.33,325.51
50,135.97,324.69
51,134.56,317.93
52,134.17,317.08
53,142.03,322.55
54,140.98,322.69
55,141.94,318.82
56,141.46,314.85
57,146.65,318.18
58,151.41,315.74
105,0,0
42,385.13,251.87
43,387.29,259.48
44,380.55,265.63
45,380,271.12
46,378.91,278.54
47,375.19,283.39
48,377.86,289.45
49,371.23,289.34
50,374.1,296.9
51,372.64,300.62
52,371.34,308.13
53,371.09,310.84
54,373.12,315.03
55,360.41,314.31
56,359.77,319.59
57,352.82,319.82
58,347.63,325.19
106,0,0
43,512.03,175.79
44,504.01,188.59
45,502.1,204.33
46,496.33,211.78
47,491.5,223.51
48,482.6,231.75
49,476.81,240.68
50,476.04,253.8
51,466.47,257.13
52,457.02,271.03
53,451.34,278.41
54,443.1,284.35
55,433.1,297.97
56,423.83,307.43
57,417.86,316.61
58,407.27,322.12
107,0,0
44,70.433,203.14
45,70.706,202.67
46,71.253,203.42
47,71.64,203.42
48,71.458,203.76
49,70.729,203.28
50,70.501,203.6
51,70,203.44
52,70.866,203.33
53,70.023,203.3
54,70.729,202.96
55,70.364,203.01
56,70.387,203.46
57,70.182,202.82
58,70.046,202.57
108,0,0
44,135.42,72.688
45,140.98,86.173
46,141.46,90.41
47,129.11,100.77
48,129.86,107.04
49,121.91,115.4
50,116.36,121.73
51,112.3,130.11
52,106.42,135.9
53,104.74,138.66
54,99.954,143.69
55,94.032,148.34
56,86.446,156.15
57,80.342,164.35
58,72.916,172.78
109,0,0
44,203.01,512.03
45,198.18,500.73
46,191.05,494.76
47,181.05,495.15
48,179.2,497.61
49,165.31,494.12
50,160.96,477.59
51,149.64,463.39
110,0,0
44,322.41,30.866
45,323.76,31.139
46,321.5,29.271
47,317.95,29.431
48,316.06,31.982
49,310.59,30.547
50,308.66,28.519
51,306.33,35.513
52,304.03,34.852
53,299.5,38.861
54,298.54,39.431
55,293.05,43.44
56,292.41,46.31
57,289.38,47.95
58,289.7,50.251
111,0,0
45,431.18,512.03
46,435.28,512.03
47,435.35,512.03
48,436.83,512.03
49,436.15,508.22
50,437.33,506.86
51,441.8,503.03
52,441.44,500.39
53,445.42,497.77
54,447.43,491.14
55,448.29,484.58
56,449.41,481.64
57,448.09,477.27
58,449.27,473.99
112,0,0
47,113.03,174.53
48,111.55,172.96
113,0,0
47,228.82,233.74
48,224.21,231.73
49,219.38,231.53
50,219.7,233.26
51,217.43,231.71
52,213.14,229.36
53,212.48,230.34
54,210.39,230.93
55,208.13,226.92
56,203.92,225.67
57,211.75,230.96
58,208.93,232.26
114,0,0
48,395.38,0.50114
49,395.06,7.9499
50,392.57,17.79
51,394.99,21.298
52,392.39,33.69
53,387.72,37.312
54,381.98,47.722
55,374.03,57.221
56,366.4,66.105
57,363.28,70.137
58,359.66,72.506
115,0,0
50,0.50114,470.91
51,21.412,480.64
52,20.456,478.91
53,24.419,475.65
54,28.838,478.77
55,31.891,480.59
56,29.841,475.6
57,33.69,476.29
58,36.743,471.66
116,0,0
50,451.8,447.43
51,447.04,449.84
52,444.01,446.61
53,441.03,449.29
54,443.39,448.86
55,436.7,446.24
56,436.95,445.79
117,0,0
52,179.75,171.57
53,163.12,187.31
54,142.07,177.36
55,131.75,160.07
56,117.7,137.84
57,105.35,114.33
58,87.221,96.743
118,0,0
52,431.14,0.50114
53,431.94,5.5353
54,432.6,5.8087
55,434.81,5.4214
56,442.67,6.0137
57,442.12,8.9294
58,446.97,0.50114
119,0,0
52,512.03,284.94
53,512.03,294.1
54,512.03,303.46
55,508.7,306.65
56,498.38,308.47
57,490.11,312
58,483.49,314.19
120,0,0
53,0.50114,97.198
54,19.362,70.569
55,41.39,81.708
56,40.182,82.825
57,42.665,85.535
58,42.483,87.267
121,0,0
53,112.78,175.38
54,113.01,173.55
55,113.05,173.9
56,113.49,173.58
57,111.71,173.62
58,111.82,173.62
122,0,0
53,243.64,330.68
54,243.85,331.62
55,243.01,335.92
56,243.51,340.46
57,242.71,343.01
58,242.05,342.96
123,0,0
53,347.18,210.84
54,347.43,211.98
55,346.72,212.32
56,346.7,213.03
57,347.36,211.85
58,347.29,213.03
124,0,0
53,473.03,203.53
54,470.43,210.3
55,462.64,218.34
125,0,0
54,508.22,205.63
55,512.03,202
56,512.03,196.74
57,512.03,190.55
58,512.03,190.43
126,0,0
54,512.03,428.31
55,512.03,422.51
56,512.03,419.66
57,509.43,417.84
58,505.24,416.92
127,0,0
55,143.92,415.97
56,154.9,403.01
57,149.36,385.33
58,143.08,368.54
128,0,0
55,192.62,140.64
56,177.31,143.9
57,170.84,150
58,162,145.85
129,0,0
56,27.403,216.9
57,21.617,220.14
58,19.795,221.94
130,0,0
56,28.269,56.606
57,17.608,49.954
58,14.943,36.219
131,0,0
56,248.06,0.50114
57,237.31,0.50114
58,230.68,14.26
132,0,0
57,37.79,128.31
58,35.239,125.88
133,0,0
57,284.53,1.5945
58,280.96,0.50114
134,0,0
57,311.46,512.03
58,311.98,512.03
135,0,0
57,363.35,275.83
58,352.46,300.98
136,0,0
58,137.43,10.41
137,0,0
58,293.05,480.18
